2026-08-13 20:04:28,197 INFO __main__: Bot ishga tushdi...
2026-08-13 20:04:29,866 INFO aiogram.dispatcher: Start polling
2026-08-13 20:04:29,866 INFO __main__: Fayl kuzatuvchi ishga tushdi: recordings
2026-08-13 20:04:30,251 INFO aiogram.dispatcher: Run polling for bot @xodim_intizom_bot id=8940303755 - 'intizom_uz_bot'
2026-08-13 20:04:47,433 INFO __main__: /start: telegram_id=3762901 username='Tasnif_konsalting' full_name="Shuxrat Komil o'g'li"
2026-08-13 20:04:48,543 INFO httpx: HTTP Request: GET https://wfrclcwjeeqeqchmdhzw.supabase.co/rest/v1/bot_users?select=role%2Cis_active&telegram_id=eq.3762901 "HTTP/2 200 OK"
2026-08-13 20:04:49,136 INFO httpx: HTTP Request: GET https://wfrclcwjeeqeqchmdhzw.supabase.co/rest/v1/employees?select=id%2Cfull_name&telegram_id=eq.3762901&is_active=eq.True "HTTP/2 200 OK"
2026-08-13 20:04:49,168 INFO __main__: /start: pending_access urinishi -> False
2026-08-13 20:04:49,806 INFO aiogram.event: Update id=753697989 is handled. Duration 2359 ms by bot id=8940303755
2026-08-13 20:08:20,469 INFO __main__: Bot ishga tushdi...
2026-08-13 20:08:21,259 INFO aiogram.dispatcher: Start polling
2026-08-13 20:08:21,259 INFO __main__: Fayl kuzatuvchi ishga tushdi: recordings
2026-08-13 20:08:21,531 INFO aiogram.dispatcher: Run polling for bot @xodim_intizom_bot id=8940303755 - 'intizom_uz_bot'
2026-08-13 20:14:31,988 ERROR aiogram.dispatcher: Failed to fetch updates - TelegramNetworkError: HTTP Client says - ClientConnectorError: Cannot connect to host api.telegram.org:443 ssl:default [Сетевая папка недоступна. За информацией о разрешении проблем в сети обратитесь к справочной системе Windows]
2026-08-13 20:14:32,100 WARNING aiogram.dispatcher: Sleep for 1.000000 seconds and try again... (tryings = 0, bot id = 8940303755)
2026-08-13 20:14:43,811 INFO aiogram.dispatcher: Connection established (tryings = 1, bot id = 8940303755)
2026-08-13 20:19:51,333 ERROR aiogram.dispatcher: Failed to fetch updates - TelegramNetworkError: HTTP Client says - Request timeout error
2026-08-13 20:19:51,554 WARNING aiogram.dispatcher: Sleep for 1.000000 seconds and try again... (tryings = 0, bot id = 8940303755)
2026-08-13 20:19:52,594 ERROR aiogram.dispatcher: Failed to fetch updates - TelegramNetworkError: HTTP Client says - ClientConnectorError: Cannot connect to host api.telegram.org:443 ssl:default [Сетевая папка недоступна. За информацией о разрешении проблем в сети обратитесь к справочной системе Windows]
2026-08-13 20:19:52,596 WARNING aiogram.dispatcher: Sleep for 1.332828 seconds and try again... (tryings = 1, bot id = 8940303755)
2026-08-13 20:19:53,940 ERROR aiogram.dispatcher: Failed to fetch updates - TelegramNetworkError: HTTP Client says - ClientConnectorError: Cannot connect to host api.telegram.org:443 ssl:default [Сетевая папка недоступна. За информацией о разрешении проблем в сети обратитесь к справочной системе Windows]
2026-08-13 20:19:53,940 WARNING aiogram.dispatcher: Sleep for 1.724679 seconds and try again... (tryings = 2, bot id = 8940303755)
2026-08-13 20:19:55,671 ERROR aiogram.dispatcher: Failed to fetch updates - TelegramNetworkError: HTTP Client says - ClientConnectorError: Cannot connect to host api.telegram.org:443 ssl:default [Сетевая папка недоступна. За информацией о разрешении проблем в сети обратитесь к справочной системе Windows]
2026-08-13 20:19:55,676 WARNING aiogram.dispatcher: Sleep for 2.302391 seconds and try again... (tryings = 3, bot id = 8940303755)
2026-08-13 20:29:30,872 INFO aiogram.dispatcher: Connection established (tryings = 4, bot id = 8940303755)
2026-08-13 20:34:10,930 INFO __main__: /start: telegram_id=3762901 username='Tasnif_konsalting' full_name="Shuxrat Komil o'g'li"
2026-08-13 20:34:12,883 INFO httpx: HTTP Request: GET https://wfrclcwjeeqeqchmdhzw.supabase.co/rest/v1/bot_users?select=role%2Cis_active&telegram_id=eq.3762901 "HTTP/2 200 OK"
2026-08-13 20:34:13,417 INFO httpx: HTTP Request: GET https://wfrclcwjeeqeqchmdhzw.supabase.co/rest/v1/employees?select=id%2Cfull_name&telegram_id=eq.3762901&is_active=eq.True "HTTP/2 200 OK"
2026-08-13 20:34:13,987 INFO httpx: HTTP Request: POST https://wfrclcwjeeqeqchmdhzw.supabase.co/rest/v1/bot_users?on_conflict=telegram_id "HTTP/2 201 Created"
2026-08-13 20:34:13,994 INFO __main__: /start: pending_access urinishi -> True
2026-08-13 20:34:14,602 INFO httpx: HTTP Request: GET https://wfrclcwjeeqeqchmdhzw.supabase.co/rest/v1/bot_users?select=role%2Cis_active&telegram_id=eq.3762901 "HTTP/2 200 OK"
2026-08-13 20:34:15,337 INFO aiogram.event: Update id=753697990 is handled. Duration 4406 ms by bot id=8940303755
2026-08-13 20:40:26,050 ERROR aiogram.dispatcher: Failed to fetch updates - TelegramNetworkError: HTTP Client says - ClientOSError: [WinError 1236] Подключение к сети было разорвано локальной системой
2026-08-13 20:40:26,215 WARNING aiogram.dispatcher: Sleep for 1.000000 seconds and try again... (tryings = 0, bot id = 8940303755)
2026-08-13 20:40:27,228 ERROR aiogram.dispatcher: Failed to fetch updates - TelegramNetworkError: HTTP Client says - ClientConnectorError: Cannot connect to host api.telegram.org:443 ssl:default [Сетевая папка недоступна. За информацией о разрешении проблем в сети обратитесь к справочной системе Windows]
2026-08-13 20:40:27,233 WARNING aiogram.dispatcher: Sleep for 1.301453 seconds and try again... (tryings = 1, bot id = 8940303755)
2026-08-13 20:40:28,547 ERROR aiogram.dispatcher: Failed to fetch updates - TelegramNetworkError: HTTP Client says - ClientConnectorError: Cannot connect to host api.telegram.org:443 ssl:default [Сетевая папка недоступна. За информацией о разрешении проблем в сети обратитесь к справочной системе Windows]
2026-08-13 20:40:28,547 WARNING aiogram.dispatcher: Sleep for 1.812471 seconds and try again... (tryings = 2, bot id = 8940303755)
2026-08-13 20:40:30,360 ERROR aiogram.dispatcher: Failed to fetch updates - TelegramNetworkError: HTTP Client says - ClientConnectorError: Cannot connect to host api.telegram.org:443 ssl:default [Сетевая папка недоступна. За информацией о разрешении проблем в сети обратитесь к справочной системе Windows]
2026-08-13 20:40:30,360 WARNING aiogram.dispatcher: Sleep for 2.338884 seconds and try again... (tryings = 3, bot id = 8940303755)
2026-08-13 23:00:53,721 ERROR aiogram.dispatcher: Failed to fetch updates - TelegramNetworkError: HTTP Client says - ClientConnectorDNSError: Cannot connect to host api.telegram.org:443 ssl:default [getaddrinfo failed]
2026-08-13 23:00:53,721 WARNING aiogram.dispatcher: Sleep for 3.040568 seconds and try again... (tryings = 4, bot id = 8940303755)
2026-08-13 23:00:56,768 ERROR aiogram.dispatcher: Failed to fetch updates - TelegramNetworkError: HTTP Client says - ClientConnectorDNSError: Cannot connect to host api.telegram.org:443 ssl:default [getaddrinfo failed]
2026-08-13 23:00:56,770 WARNING aiogram.dispatcher: Sleep for 3.986980 seconds and try again... (tryings = 5, bot id = 8940303755)
2026-08-13 23:01:11,301 INFO aiogram.dispatcher: Connection established (tryings = 6, bot id = 8940303755)
2026-08-14 00:15:02,194 INFO httpx: HTTP Request: GET https://wfrclcwjeeqeqchmdhzw.supabase.co/rest/v1/conversations?select=id%2Cemployee_id&created_at=gte.2026-08-13T00%3A00%3A00&created_at=lte.2026-08-13T23%3A59%3A59.999999 "HTTP/2 200 OK"
2026-08-14 00:15:02,663 INFO httpx: HTTP Request: GET https://wfrclcwjeeqeqchmdhzw.supabase.co/rest/v1/analytics?select=conversation_id%2Ctotal_score&conversation_id=in.%28e4f7c684-d0d9-4aec-93a2-8e540eef2c5b%2Cd59b4325-085e-400b-83c3-7fb43b7b61e3%2C8356a3bc-8100-4b72-a8ec-1f78ed890d2a%29 "HTTP/2 200 OK"
2026-08-14 00:15:03,202 INFO httpx: HTTP Request: POST https://wfrclcwjeeqeqchmdhzw.supabase.co/rest/v1/daily_reports?on_conflict=employee_id%2Creport_date "HTTP/2 201 Created"
2026-08-14 00:15:04,390 INFO httpx: HTTP Request: POST https://wfrclcwjeeqeqchmdhzw.supabase.co/rest/v1/daily_reports?on_conflict=employee_id%2Creport_date "HTTP/2 201 Created"
2026-08-14 00:15:05,048 INFO httpx: HTTP Request: POST https://wfrclcwjeeqeqchmdhzw.supabase.co/rest/v1/daily_reports?on_conflict=employee_id%2Creport_date "HTTP/2 201 Created"
2026-08-14 00:15:05,050 INFO __main__: Kunlik hisobot yozildi: 2026-08-13 (3 xodim)
2026-08-14 00:15:05,560 INFO httpx: HTTP Request: GET https://wfrclcwjeeqeqchmdhzw.supabase.co/rest/v1/daily_reports?select=employee_id%2Cconversations_count%2Cavg_score%2Cmin_score%2Cmax_score&report_date=gte.2026-08-01&report_date=lt.2026-09-01 "HTTP/2 200 OK"
2026-08-14 00:15:06,082 INFO httpx: HTTP Request: POST https://wfrclcwjeeqeqchmdhzw.supabase.co/rest/v1/monthly_reports?on_conflict=employee_id%2Cperiod_month "HTTP/2 201 Created"
2026-08-14 00:15:06,571 INFO httpx: HTTP Request: POST https://wfrclcwjeeqeqchmdhzw.supabase.co/rest/v1/monthly_reports?on_conflict=employee_id%2Cperiod_month "HTTP/2 201 Created"
2026-08-14 00:15:07,083 INFO httpx: HTTP Request: POST https://wfrclcwjeeqeqchmdhzw.supabase.co/rest/v1/monthly_reports?on_conflict=employee_id%2Cperiod_month "HTTP/2 201 Created"
2026-08-14 00:15:07,092 INFO __main__: Oylik hisobot yangilandi: 2026-08 (3 xodim)
2026-08-14 00:15:07,645 INFO httpx: HTTP Request: GET https://wfrclcwjeeqeqchmdhzw.supabase.co/rest/v1/conversations?select=id%2Caudio_file_path%2Caudio_storage_path&created_at=lt.2026-07-15T00%3A15%3A07.112034&audio_storage_path=not.is.null "HTTP/2 200 OK"
2026-08-14 00:43:59,045 ERROR aiogram.dispatcher: Failed to fetch updates - TelegramNetworkError: HTTP Client says - ClientOSError: [WinError 1236] Подключение к сети было разорвано локальной системой
2026-08-14 00:43:59,354 WARNING aiogram.dispatcher: Sleep for 1.000000 seconds and try again... (tryings = 0, bot id = 8940303755)
2026-08-14 00:44:00,420 ERROR aiogram.dispatcher: Failed to fetch updates - TelegramNetworkError: HTTP Client says - ClientConnectorError: Cannot connect to host api.telegram.org:443 ssl:default [Сетевая папка недоступна. За информацией о разрешении проблем в сети обратитесь к справочной системе Windows]
2026-08-14 00:44:00,423 WARNING aiogram.dispatcher: Sleep for 1.159129 seconds and try again... (tryings = 1, bot id = 8940303755)
2026-08-14 00:44:01,603 ERROR aiogram.dispatcher: Failed to fetch updates - TelegramNetworkError: HTTP Client says - ClientConnectorError: Cannot connect to host api.telegram.org:443 ssl:default [Сетевая папка недоступна. За информацией о разрешении проблем в сети обратитесь к справочной системе Windows]
2026-08-14 00:44:01,603 WARNING aiogram.dispatcher: Sleep for 1.366860 seconds and try again... (tryings = 2, bot id = 8940303755)
2026-08-14 00:44:02,980 ERROR aiogram.dispatcher: Failed to fetch updates - TelegramNetworkError: HTTP Client says - ClientConnectorError: Cannot connect to host api.telegram.org:443 ssl:default [Сетевая папка недоступна. За информацией о разрешении проблем в сети обратитесь к справочной системе Windows]
2026-08-14 00:44:02,982 WARNING aiogram.dispatcher: Sleep for 1.727460 seconds and try again... (tryings = 3, bot id = 8940303755)
2026-08-14 00:46:09,575 ERROR aiogram.dispatcher: Failed to fetch updates - TelegramNetworkError: HTTP Client says - ClientConnectorError: Cannot connect to host api.telegram.org:443 ssl:default [Сетевая папка недоступна. За информацией о разрешении проблем в сети обратитесь к справочной системе Windows]
2026-08-14 00:46:09,621 WARNING aiogram.dispatcher: Sleep for 2.199090 seconds and try again... (tryings = 4, bot id = 8940303755)
2026-08-14 00:46:22,249 INFO aiogram.dispatcher: Connection established (tryings = 5, bot id = 8940303755)
2026-08-14 00:49:03,266 INFO __main__: Bot ishga tushdi...
2026-08-14 00:49:03,818 INFO aiogram.dispatcher: Start polling
2026-08-14 00:49:03,820 INFO __main__: Fayl kuzatuvchi ishga tushdi: recordings
2026-08-14 00:49:03,937 INFO aiogram.dispatcher: Run polling for bot @xodim_intizom_bot id=8940303755 - 'intizom_uz_bot'
2026-08-14 00:53:05,364 ERROR aiogram.dispatcher: Failed to fetch updates - TelegramNetworkError: HTTP Client says - Request timeout error
2026-08-14 00:53:05,643 WARNING aiogram.dispatcher: Sleep for 1.000000 seconds and try again... (tryings = 0, bot id = 8940303755)
2026-08-14 00:53:17,435 INFO aiogram.dispatcher: Connection established (tryings = 1, bot id = 8940303755)
2026-08-14 01:02:52,053 ERROR aiogram.dispatcher: Failed to fetch updates - TelegramNetworkError: HTTP Client says - Request timeout error
2026-08-14 01:02:52,201 WARNING aiogram.dispatcher: Sleep for 1.000000 seconds and try again... (tryings = 0, bot id = 8940303755)
2026-08-14 01:03:03,651 INFO aiogram.dispatcher: Connection established (tryings = 1, bot id = 8940303755)
2026-08-14 01:12:43,765 ERROR aiogram.dispatcher: Failed to fetch updates - TelegramNetworkError: HTTP Client says - Request timeout error
2026-08-14 01:12:43,861 WARNING aiogram.dispatcher: Sleep for 1.000000 seconds and try again... (tryings = 0, bot id = 8940303755)
2026-08-14 01:12:55,577 INFO aiogram.dispatcher: Connection established (tryings = 1, bot id = 8940303755)
2026-08-14 01:27:40,123 ERROR aiogram.dispatcher: Failed to fetch updates - TelegramNetworkError: HTTP Client says - Request timeout error
2026-08-14 01:27:40,345 WARNING aiogram.dispatcher: Sleep for 1.000000 seconds and try again... (tryings = 0, bot id = 8940303755)
2026-08-14 01:27:52,281 INFO aiogram.dispatcher: Connection established (tryings = 1, bot id = 8940303755)
2026-08-14 01:39:07,403 ERROR aiogram.dispatcher: Failed to fetch updates - TelegramNetworkError: HTTP Client says - Request timeout error
2026-08-14 01:39:07,873 WARNING aiogram.dispatcher: Sleep for 1.000000 seconds and try again... (tryings = 0, bot id = 8940303755)
2026-08-14 01:39:09,105 ERROR aiogram.dispatcher: Failed to fetch updates - TelegramNetworkError: HTTP Client says - ClientConnectorError: Cannot connect to host api.telegram.org:443 ssl:default [Сетевая папка недоступна. За информацией о разрешении проблем в сети обратитесь к справочной системе Windows]
2026-08-14 01:39:09,108 WARNING aiogram.dispatcher: Sleep for 1.210454 seconds and try again... (tryings = 1, bot id = 8940303755)
2026-08-14 01:39:10,332 ERROR aiogram.dispatcher: Failed to fetch updates - TelegramNetworkError: HTTP Client says - ClientConnectorError: Cannot connect to host api.telegram.org:443 ssl:default [Сетевая папка недоступна. За информацией о разрешении проблем в сети обратитесь к справочной системе Windows]
2026-08-14 01:39:10,335 WARNING aiogram.dispatcher: Sleep for 1.704671 seconds and try again... (tryings = 2, bot id = 8940303755)
2026-08-14 01:39:12,049 ERROR aiogram.dispatcher: Failed to fetch updates - TelegramNetworkError: HTTP Client says - ClientConnectorError: Cannot connect to host api.telegram.org:443 ssl:default [Сетевая папка недоступна. За информацией о разрешении проблем в сети обратитесь к справочной системе Windows]
2026-08-14 01:39:12,049 WARNING aiogram.dispatcher: Sleep for 2.491027 seconds and try again... (tryings = 3, bot id = 8940303755)
2026-08-14 01:40:25,663 INFO aiogram.dispatcher: Connection established (tryings = 4, bot id = 8940303755)
2026-08-14 01:42:26,518 INFO __main__: Bot ishga tushdi...
2026-08-14 01:42:26,946 INFO aiogram.dispatcher: Start polling
2026-08-14 01:42:26,952 INFO __main__: Fayl kuzatuvchi ishga tushdi: recordings
2026-08-14 01:42:27,245 INFO aiogram.dispatcher: Run polling for bot @xodim_intizom_bot id=8940303755 - 'intizom_uz_bot'
2026-08-14 02:04:50,300 ERROR aiogram.dispatcher: Failed to fetch updates - TelegramNetworkError: HTTP Client says - Request timeout error
2026-08-14 02:04:50,633 WARNING aiogram.dispatcher: Sleep for 1.000000 seconds and try again... (tryings = 0, bot id = 8940303755)
2026-08-14 02:04:51,921 ERROR aiogram.dispatcher: Failed to fetch updates - TelegramNetworkError: HTTP Client says - ClientConnectorError: Cannot connect to host api.telegram.org:443 ssl:default [Сетевая папка недоступна. За информацией о разрешении проблем в сети обратитесь к справочной системе Windows]
2026-08-14 02:04:51,923 WARNING aiogram.dispatcher: Sleep for 1.249077 seconds and try again... (tryings = 1, bot id = 8940303755)
2026-08-14 02:04:53,182 ERROR aiogram.dispatcher: Failed to fetch updates - TelegramNetworkError: HTTP Client says - ClientConnectorError: Cannot connect to host api.telegram.org:443 ssl:default [Сетевая папка недоступна. За информацией о разрешении проблем в сети обратитесь к справочной системе Windows]
2026-08-14 02:04:53,184 WARNING aiogram.dispatcher: Sleep for 1.575095 seconds and try again... (tryings = 2, bot id = 8940303755)
2026-08-14 02:04:54,775 ERROR aiogram.dispatcher: Failed to fetch updates - TelegramNetworkError: HTTP Client says - ClientConnectorError: Cannot connect to host api.telegram.org:443 ssl:default [Сетевая папка недоступна. За информацией о разрешении проблем в сети обратитесь к справочной системе Windows]
2026-08-14 02:04:54,775 WARNING aiogram.dispatcher: Sleep for 2.006107 seconds and try again... (tryings = 3, bot id = 8940303755)
2026-08-14 06:37:52,586 ERROR aiogram.dispatcher: Failed to fetch updates - TelegramNetworkError: HTTP Client says - ClientConnectorDNSError: Cannot connect to host api.telegram.org:443 ssl:default [getaddrinfo failed]
2026-08-14 06:37:52,609 WARNING aiogram.dispatcher: Sleep for 2.775610 seconds and try again... (tryings = 4, bot id = 8940303755)
2026-08-14 06:37:55,467 ERROR aiogram.dispatcher: Failed to fetch updates - TelegramNetworkError: HTTP Client says - ClientConnectorDNSError: Cannot connect to host api.telegram.org:443 ssl:default [getaddrinfo failed]
2026-08-14 06:37:55,489 WARNING aiogram.dispatcher: Sleep for 3.695080 seconds and try again... (tryings = 5, bot id = 8940303755)
2026-08-14 06:42:39,643 ERROR aiogram.dispatcher: Failed to fetch updates - TelegramNetworkError: HTTP Client says - Request timeout error
2026-08-14 06:42:39,643 WARNING aiogram.dispatcher: Sleep for 4.775884 seconds and try again... (tryings = 6, bot id = 8940303755)
2026-08-14 06:42:54,761 INFO aiogram.dispatcher: Connection established (tryings = 7, bot id = 8940303755)
2026-08-14 06:47:49,935 ERROR aiogram.dispatcher: Failed to fetch updates - TelegramNetworkError: HTTP Client says - Request timeout error
2026-08-14 06:47:49,935 WARNING aiogram.dispatcher: Sleep for 1.000000 seconds and try again... (tryings = 0, bot id = 8940303755)
2026-08-14 06:48:01,261 INFO aiogram.dispatcher: Connection established (tryings = 1, bot id = 8940303755)
2026-08-14 06:52:47,950 ERROR aiogram.dispatcher: Failed to fetch updates - TelegramNetworkError: HTTP Client says - Request timeout error
2026-08-14 06:52:47,950 WARNING aiogram.dispatcher: Sleep for 1.000000 seconds and try again... (tryings = 0, bot id = 8940303755)
2026-08-14 06:52:59,267 INFO aiogram.dispatcher: Connection established (tryings = 1, bot id = 8940303755)
2026-08-14 06:57:45,959 ERROR aiogram.dispatcher: Failed to fetch updates - TelegramNetworkError: HTTP Client says - Request timeout error
2026-08-14 06:57:45,960 WARNING aiogram.dispatcher: Sleep for 1.000000 seconds and try again... (tryings = 0, bot id = 8940303755)
2026-08-14 06:57:57,303 INFO aiogram.dispatcher: Connection established (tryings = 1, bot id = 8940303755)
2026-08-14 07:02:43,262 ERROR aiogram.dispatcher: Failed to fetch updates - TelegramNetworkError: HTTP Client says - Request timeout error
2026-08-14 07:02:43,280 WARNING aiogram.dispatcher: Sleep for 1.000000 seconds and try again... (tryings = 0, bot id = 8940303755)
2026-08-14 07:02:54,603 INFO aiogram.dispatcher: Connection established (tryings = 1, bot id = 8940303755)
2026-08-14 07:07:40,874 ERROR aiogram.dispatcher: Failed to fetch updates - TelegramNetworkError: HTTP Client says - Request timeout error
2026-08-14 07:07:40,874 WARNING aiogram.dispatcher: Sleep for 1.000000 seconds and try again... (tryings = 0, bot id = 8940303755)
2026-08-14 07:07:52,178 INFO aiogram.dispatcher: Connection established (tryings = 1, bot id = 8940303755)
2026-08-14 07:12:39,600 ERROR aiogram.dispatcher: Failed to fetch updates - TelegramNetworkError: HTTP Client says - Request timeout error
2026-08-14 07:12:39,648 WARNING aiogram.dispatcher: Sleep for 1.000000 seconds and try again... (tryings = 0, bot id = 8940303755)
2026-08-14 07:12:51,228 INFO aiogram.dispatcher: Connection established (tryings = 1, bot id = 8940303755)
2026-08-14 07:17:38,290 ERROR aiogram.dispatcher: Failed to fetch updates - TelegramNetworkError: HTTP Client says - Request timeout error
2026-08-14 07:17:38,290 WARNING aiogram.dispatcher: Sleep for 1.000000 seconds and try again... (tryings = 0, bot id = 8940303755)
2026-08-14 07:17:51,445 INFO aiogram.dispatcher: Connection established (tryings = 1, bot id = 8940303755)
2026-08-14 07:22:37,757 ERROR aiogram.dispatcher: Failed to fetch updates - TelegramNetworkError: HTTP Client says - Request timeout error
2026-08-14 07:22:37,757 WARNING aiogram.dispatcher: Sleep for 1.000000 seconds and try again... (tryings = 0, bot id = 8940303755)
2026-08-14 07:22:49,080 INFO aiogram.dispatcher: Connection established (tryings = 1, bot id = 8940303755)
2026-08-14 07:27:38,043 ERROR aiogram.dispatcher: Failed to fetch updates - TelegramNetworkError: HTTP Client says - Request timeout error
2026-08-14 07:27:38,044 WARNING aiogram.dispatcher: Sleep for 1.000000 seconds and try again... (tryings = 0, bot id = 8940303755)
2026-08-14 07:27:49,549 INFO aiogram.dispatcher: Connection established (tryings = 1, bot id = 8940303755)
2026-08-14 07:32:36,998 ERROR aiogram.dispatcher: Failed to fetch updates - TelegramNetworkError: HTTP Client says - Request timeout error
2026-08-14 07:32:37,000 WARNING aiogram.dispatcher: Sleep for 1.000000 seconds and try again... (tryings = 0, bot id = 8940303755)
2026-08-14 07:32:48,602 INFO aiogram.dispatcher: Connection established (tryings = 1, bot id = 8940303755)
2026-08-14 07:37:36,989 ERROR aiogram.dispatcher: Failed to fetch updates - TelegramNetworkError: HTTP Client says - Request timeout error
2026-08-14 07:37:36,995 WARNING aiogram.dispatcher: Sleep for 1.000000 seconds and try again... (tryings = 0, bot id = 8940303755)
2026-08-14 07:37:38,002 ERROR aiogram.dispatcher: Failed to fetch updates - TelegramNetworkError: HTTP Client says - ClientConnectorError: Cannot connect to host api.telegram.org:443 ssl:default [Сетевая папка недоступна. За информацией о разрешении проблем в сети обратитесь к справочной системе Windows]
2026-08-14 07:37:38,002 WARNING aiogram.dispatcher: Sleep for 1.322270 seconds and try again... (tryings = 1, bot id = 8940303755)
2026-08-14 07:37:39,351 ERROR aiogram.dispatcher: Failed to fetch updates - TelegramNetworkError: HTTP Client says - ClientConnectorError: Cannot connect to host api.telegram.org:443 ssl:default [Сетевая папка недоступна. За информацией о разрешении проблем в сети обратитесь к справочной системе Windows]
2026-08-14 07:37:39,360 WARNING aiogram.dispatcher: Sleep for 1.786962 seconds and try again... (tryings = 2, bot id = 8940303755)
2026-08-14 07:37:51,484 INFO aiogram.dispatcher: Connection established (tryings = 3, bot id = 8940303755)
2026-08-14 07:42:37,986 ERROR aiogram.dispatcher: Failed to fetch updates - TelegramNetworkError: HTTP Client says - Request timeout error
2026-08-14 07:42:37,988 WARNING aiogram.dispatcher: Sleep for 1.000000 seconds and try again... (tryings = 0, bot id = 8940303755)
2026-08-14 07:42:39,019 ERROR aiogram.dispatcher: Failed to fetch updates - TelegramNetworkError: HTTP Client says - ClientConnectorDNSError: Cannot connect to host api.telegram.org:443 ssl:default [getaddrinfo failed]
2026-08-14 07:42:39,032 WARNING aiogram.dispatcher: Sleep for 1.304185 seconds and try again... (tryings = 1, bot id = 8940303755)
2026-08-14 07:42:40,364 ERROR aiogram.dispatcher: Failed to fetch updates - TelegramNetworkError: HTTP Client says - ClientConnectorDNSError: Cannot connect to host api.telegram.org:443 ssl:default [getaddrinfo failed]
2026-08-14 07:42:40,364 WARNING aiogram.dispatcher: Sleep for 1.764456 seconds and try again... (tryings = 2, bot id = 8940303755)
2026-08-14 07:42:53,500 INFO aiogram.dispatcher: Connection established (tryings = 3, bot id = 8940303755)
2026-08-14 07:47:38,123 ERROR aiogram.dispatcher: Failed to fetch updates - TelegramNetworkError: HTTP Client says - Request timeout error
2026-08-14 07:47:38,124 WARNING aiogram.dispatcher: Sleep for 1.000000 seconds and try again... (tryings = 0, bot id = 8940303755)
2026-08-14 07:47:49,498 INFO aiogram.dispatcher: Connection established (tryings = 1, bot id = 8940303755)
2026-08-14 07:52:37,983 ERROR aiogram.dispatcher: Failed to fetch updates - TelegramNetworkError: HTTP Client says - Request timeout error
2026-08-14 07:52:37,999 WARNING aiogram.dispatcher: Sleep for 1.000000 seconds and try again... (tryings = 0, bot id = 8940303755)
2026-08-14 07:52:49,382 INFO aiogram.dispatcher: Connection established (tryings = 1, bot id = 8940303755)
2026-08-14 07:57:37,539 ERROR aiogram.dispatcher: Failed to fetch updates - TelegramNetworkError: HTTP Client says - Request timeout error
2026-08-14 07:57:37,540 WARNING aiogram.dispatcher: Sleep for 1.000000 seconds and try again... (tryings = 0, bot id = 8940303755)
2026-08-14 07:57:48,917 INFO aiogram.dispatcher: Connection established (tryings = 1, bot id = 8940303755)
2026-08-14 08:02:37,630 ERROR aiogram.dispatcher: Failed to fetch updates - TelegramNetworkError: HTTP Client says - Request timeout error
2026-08-14 08:02:37,630 WARNING aiogram.dispatcher: Sleep for 1.000000 seconds and try again... (tryings = 0, bot id = 8940303755)
2026-08-14 08:02:48,983 INFO aiogram.dispatcher: Connection established (tryings = 1, bot id = 8940303755)
2026-08-14 08:07:37,996 ERROR aiogram.dispatcher: Failed to fetch updates - TelegramNetworkError: HTTP Client says - Request timeout error
2026-08-14 08:07:38,001 WARNING aiogram.dispatcher: Sleep for 1.000000 seconds and try again... (tryings = 0, bot id = 8940303755)
2026-08-14 08:07:49,352 INFO aiogram.dispatcher: Connection established (tryings = 1, bot id = 8940303755)
2026-08-14 08:12:52,375 ERROR aiogram.dispatcher: Failed to fetch updates - TelegramNetworkError: HTTP Client says - Request timeout error
2026-08-14 08:12:52,375 WARNING aiogram.dispatcher: Sleep for 1.000000 seconds and try again... (tryings = 0, bot id = 8940303755)
2026-08-14 08:13:03,973 INFO aiogram.dispatcher: Connection established (tryings = 1, bot id = 8940303755)
2026-08-14 08:17:44,742 ERROR aiogram.dispatcher: Failed to fetch updates - TelegramNetworkError: HTTP Client says - Request timeout error
2026-08-14 08:17:44,744 WARNING aiogram.dispatcher: Sleep for 1.000000 seconds and try again... (tryings = 0, bot id = 8940303755)
2026-08-14 08:17:56,087 INFO aiogram.dispatcher: Connection established (tryings = 1, bot id = 8940303755)
2026-08-14 08:22:52,457 ERROR aiogram.dispatcher: Failed to fetch updates - TelegramNetworkError: HTTP Client says - Request timeout error
2026-08-14 08:22:52,457 WARNING aiogram.dispatcher: Sleep for 1.000000 seconds and try again... (tryings = 0, bot id = 8940303755)
2026-08-14 08:23:03,794 INFO aiogram.dispatcher: Connection established (tryings = 1, bot id = 8940303755)
2026-08-14 08:27:37,679 ERROR aiogram.dispatcher: Failed to fetch updates - TelegramNetworkError: HTTP Client says - Request timeout error
2026-08-14 08:27:37,681 WARNING aiogram.dispatcher: Sleep for 1.000000 seconds and try again... (tryings = 0, bot id = 8940303755)
2026-08-14 08:27:49,095 INFO aiogram.dispatcher: Connection established (tryings = 1, bot id = 8940303755)
2026-08-14 08:32:37,627 ERROR aiogram.dispatcher: Failed to fetch updates - TelegramNetworkError: HTTP Client says - Request timeout error
2026-08-14 08:32:37,627 WARNING aiogram.dispatcher: Sleep for 1.000000 seconds and try again... (tryings = 0, bot id = 8940303755)
2026-08-14 08:32:48,944 INFO aiogram.dispatcher: Connection established (tryings = 1, bot id = 8940303755)
2026-08-14 08:37:36,521 ERROR aiogram.dispatcher: Failed to fetch updates - TelegramNetworkError: HTTP Client says - Request timeout error
2026-08-14 08:37:36,540 WARNING aiogram.dispatcher: Sleep for 1.000000 seconds and try again... (tryings = 0, bot id = 8940303755)
2026-08-14 08:37:48,357 INFO aiogram.dispatcher: Connection established (tryings = 1, bot id = 8940303755)
2026-08-14 08:42:51,155 ERROR aiogram.dispatcher: Failed to fetch updates - TelegramNetworkError: HTTP Client says - Request timeout error
2026-08-14 08:42:51,155 WARNING aiogram.dispatcher: Sleep for 1.000000 seconds and try again... (tryings = 0, bot id = 8940303755)
2026-08-14 08:43:02,458 INFO aiogram.dispatcher: Connection established (tryings = 1, bot id = 8940303755)
2026-08-14 08:47:50,113 ERROR aiogram.dispatcher: Failed to fetch updates - TelegramNetworkError: HTTP Client says - Request timeout error
2026-08-14 08:47:50,113 WARNING aiogram.dispatcher: Sleep for 1.000000 seconds and try again... (tryings = 0, bot id = 8940303755)
2026-08-14 08:48:01,512 INFO aiogram.dispatcher: Connection established (tryings = 1, bot id = 8940303755)
2026-08-14 08:52:48,962 ERROR aiogram.dispatcher: Failed to fetch updates - TelegramNetworkError: HTTP Client says - Request timeout error
2026-08-14 08:52:48,962 WARNING aiogram.dispatcher: Sleep for 1.000000 seconds and try again... (tryings = 0, bot id = 8940303755)
2026-08-14 08:53:00,336 INFO aiogram.dispatcher: Connection established (tryings = 1, bot id = 8940303755)
2026-08-14 08:57:46,932 ERROR aiogram.dispatcher: Failed to fetch updates - TelegramNetworkError: HTTP Client says - Request timeout error
2026-08-14 08:57:46,932 WARNING aiogram.dispatcher: Sleep for 1.000000 seconds and try again... (tryings = 0, bot id = 8940303755)
2026-08-14 08:57:58,229 INFO aiogram.dispatcher: Connection established (tryings = 1, bot id = 8940303755)
2026-08-14 09:02:46,765 ERROR aiogram.dispatcher: Failed to fetch updates - TelegramNetworkError: HTTP Client says - Request timeout error
2026-08-14 09:02:46,768 WARNING aiogram.dispatcher: Sleep for 1.000000 seconds and try again... (tryings = 0, bot id = 8940303755)
2026-08-14 09:02:58,131 INFO aiogram.dispatcher: Connection established (tryings = 1, bot id = 8940303755)
2026-08-14 09:07:44,530 ERROR aiogram.dispatcher: Failed to fetch updates - TelegramNetworkError: HTTP Client says - Request timeout error
2026-08-14 09:07:44,530 WARNING aiogram.dispatcher: Sleep for 1.000000 seconds and try again... (tryings = 0, bot id = 8940303755)
2026-08-14 09:07:55,849 INFO aiogram.dispatcher: Connection established (tryings = 1, bot id = 8940303755)
2026-08-14 09:12:43,138 ERROR aiogram.dispatcher: Failed to fetch updates - TelegramNetworkError: HTTP Client says - Request timeout error
2026-08-14 09:12:43,140 WARNING aiogram.dispatcher: Sleep for 1.000000 seconds and try again... (tryings = 0, bot id = 8940303755)
2026-08-14 09:12:54,437 INFO aiogram.dispatcher: Connection established (tryings = 1, bot id = 8940303755)
2026-08-14 09:17:36,948 ERROR aiogram.dispatcher: Failed to fetch updates - TelegramNetworkError: HTTP Client says - Request timeout error
2026-08-14 09:17:36,960 WARNING aiogram.dispatcher: Sleep for 1.000000 seconds and try again... (tryings = 0, bot id = 8940303755)
2026-08-14 09:17:48,503 INFO aiogram.dispatcher: Connection established (tryings = 1, bot id = 8940303755)
2026-08-14 09:49:25,384 ERROR aiogram.dispatcher: Failed to fetch updates - TelegramNetworkError: HTTP Client says - Request timeout error
2026-08-14 09:49:25,420 WARNING aiogram.dispatcher: Sleep for 1.000000 seconds and try again... (tryings = 0, bot id = 8940303755)
2026-08-14 09:49:26,474 ERROR aiogram.dispatcher: Failed to fetch updates - TelegramNetworkError: HTTP Client says - ClientConnectorDNSError: Cannot connect to host api.telegram.org:443 ssl:default [getaddrinfo failed]
2026-08-14 09:49:26,476 WARNING aiogram.dispatcher: Sleep for 1.209676 seconds and try again... (tryings = 1, bot id = 8940303755)
2026-08-14 09:49:27,692 ERROR aiogram.dispatcher: Failed to fetch updates - TelegramNetworkError: HTTP Client says - ClientConnectorDNSError: Cannot connect to host api.telegram.org:443 ssl:default [getaddrinfo failed]
2026-08-14 09:49:27,693 WARNING aiogram.dispatcher: Sleep for 1.621061 seconds and try again... (tryings = 2, bot id = 8940303755)
2026-08-14 09:49:29,329 ERROR aiogram.dispatcher: Failed to fetch updates - TelegramNetworkError: HTTP Client says - ClientConnectorDNSError: Cannot connect to host api.telegram.org:443 ssl:default [getaddrinfo failed]
2026-08-14 09:49:29,329 WARNING aiogram.dispatcher: Sleep for 2.157624 seconds and try again... (tryings = 3, bot id = 8940303755)
2026-08-14 11:01:12,133 ERROR aiogram.dispatcher: Failed to fetch updates - TelegramNetworkError: HTTP Client says - ClientConnectorDNSError: Cannot connect to host api.telegram.org:443 ssl:default [getaddrinfo failed]
2026-08-14 11:01:12,157 WARNING aiogram.dispatcher: Sleep for 2.817386 seconds and try again... (tryings = 4, bot id = 8940303755)
2026-08-14 11:01:25,478 INFO aiogram.dispatcher: Connection established (tryings = 5, bot id = 8940303755)
2026-08-14 11:11:20,426 ERROR aiogram.dispatcher: Failed to fetch updates - TelegramNetworkError: HTTP Client says - ClientConnectorError: Cannot connect to host api.telegram.org:443 ssl:default [Сетевая папка недоступна. За информацией о разрешении проблем в сети обратитесь к справочной системе Windows]
2026-08-14 11:11:20,443 WARNING aiogram.dispatcher: Sleep for 1.000000 seconds and try again... (tryings = 0, bot id = 8940303755)
2026-08-14 11:11:21,451 ERROR aiogram.dispatcher: Failed to fetch updates - TelegramNetworkError: HTTP Client says - ClientConnectorError: Cannot connect to host api.telegram.org:443 ssl:default [Сетевая папка недоступна. За информацией о разрешении проблем в сети обратитесь к справочной системе Windows]
2026-08-14 11:11:21,453 WARNING aiogram.dispatcher: Sleep for 1.428437 seconds and try again... (tryings = 1, bot id = 8940303755)
2026-08-14 11:11:22,894 ERROR aiogram.dispatcher: Failed to fetch updates - TelegramNetworkError: HTTP Client says - ClientConnectorError: Cannot connect to host api.telegram.org:443 ssl:default [Сетевая папка недоступна. За информацией о разрешении проблем в сети обратитесь к справочной системе Windows]
2026-08-14 11:11:22,894 WARNING aiogram.dispatcher: Sleep for 2.029330 seconds and try again... (tryings = 2, bot id = 8940303755)
2026-08-14 11:11:24,925 ERROR aiogram.dispatcher: Failed to fetch updates - TelegramNetworkError: HTTP Client says - ClientConnectorError: Cannot connect to host api.telegram.org:443 ssl:default [Сетевая папка недоступна. За информацией о разрешении проблем в сети обратитесь к справочной системе Windows]
2026-08-14 11:11:24,925 WARNING aiogram.dispatcher: Sleep for 2.476142 seconds and try again... (tryings = 3, bot id = 8940303755)
2026-08-14 11:24:33,018 INFO aiogram.dispatcher: Connection established (tryings = 4, bot id = 8940303755)
2026-08-14 11:50:49,202 INFO __main__: Bot ishga tushdi...
2026-08-14 11:50:49,521 INFO aiogram.dispatcher: Start polling
2026-08-14 11:50:49,522 INFO __main__: Fayl kuzatuvchi ishga tushdi: recordings
2026-08-14 11:50:49,637 INFO aiogram.dispatcher: Run polling for bot @xodim_intizom_bot id=8940303755 - 'intizom_uz_bot'
2026-08-14 11:56:57,353 INFO __main__: /start: telegram_id=358795989 username='O0DD0' full_name='АбдулҚуддус'
2026-08-14 11:56:59,619 INFO httpx: HTTP Request: GET https://wfrclcwjeeqeqchmdhzw.supabase.co/rest/v1/bot_users?select=role%2Cis_active&telegram_id=eq.358795989 "HTTP/2 200 OK"
2026-08-14 11:57:00,034 INFO aiogram.event: Update id=753697991 is handled. Duration 2687 ms by bot id=8940303755
2026-08-14 11:57:21,145 INFO httpx: HTTP Request: GET https://wfrclcwjeeqeqchmdhzw.supabase.co/rest/v1/bot_users?select=role%2Cis_active&telegram_id=eq.358795989 "HTTP/2 200 OK"
2026-08-14 11:57:21,623 INFO httpx: HTTP Request: GET https://wfrclcwjeeqeqchmdhzw.supabase.co/rest/v1/today_attendance?select=%2A "HTTP/2 200 OK"
2026-08-14 11:57:21,766 INFO aiogram.event: Update id=753697992 is handled. Duration 2078 ms by bot id=8940303755
2026-08-14 12:43:54,208 ERROR aiogram.dispatcher: Failed to fetch updates - TelegramNetworkError: HTTP Client says - Request timeout error
2026-08-14 12:43:54,267 WARNING aiogram.dispatcher: Sleep for 1.000000 seconds and try again... (tryings = 0, bot id = 8940303755)
2026-08-14 12:43:55,332 ERROR aiogram.dispatcher: Failed to fetch updates - TelegramNetworkError: HTTP Client says - ClientConnectorError: Cannot connect to host api.telegram.org:443 ssl:default [Сетевая папка недоступна. За информацией о разрешении проблем в сети обратитесь к справочной системе Windows]
2026-08-14 12:43:55,345 WARNING aiogram.dispatcher: Sleep for 1.427230 seconds and try again... (tryings = 1, bot id = 8940303755)
2026-08-14 12:43:56,796 ERROR aiogram.dispatcher: Failed to fetch updates - TelegramNetworkError: HTTP Client says - ClientConnectorError: Cannot connect to host api.telegram.org:443 ssl:default [Сетевая папка недоступна. За информацией о разрешении проблем в сети обратитесь к справочной системе Windows]
2026-08-14 12:43:56,798 WARNING aiogram.dispatcher: Sleep for 1.844246 seconds and try again... (tryings = 2, bot id = 8940303755)
2026-08-14 13:56:11,435 ERROR aiogram.dispatcher: Failed to fetch updates - TelegramNetworkError: HTTP Client says - ClientConnectorDNSError: Cannot connect to host api.telegram.org:443 ssl:default [getaddrinfo failed]
2026-08-14 13:56:11,462 WARNING aiogram.dispatcher: Sleep for 2.431658 seconds and try again... (tryings = 3, bot id = 8940303755)
2026-08-14 13:56:13,909 ERROR aiogram.dispatcher: Failed to fetch updates - TelegramNetworkError: HTTP Client says - ClientConnectorDNSError: Cannot connect to host api.telegram.org:443 ssl:default [getaddrinfo failed]
2026-08-14 13:56:13,913 WARNING aiogram.dispatcher: Sleep for 3.295240 seconds and try again... (tryings = 4, bot id = 8940303755)
2026-08-14 13:56:17,222 ERROR aiogram.dispatcher: Failed to fetch updates - TelegramNetworkError: HTTP Client says - ClientConnectorDNSError: Cannot connect to host api.telegram.org:443 ssl:default [getaddrinfo failed]
2026-08-14 13:56:17,222 WARNING aiogram.dispatcher: Sleep for 4.144585 seconds and try again... (tryings = 5, bot id = 8940303755)
2026-08-14 13:56:21,386 ERROR aiogram.dispatcher: Failed to fetch updates - TelegramNetworkError: HTTP Client says - ClientConnectorDNSError: Cannot connect to host api.telegram.org:443 ssl:default [getaddrinfo failed]
2026-08-14 13:56:21,386 WARNING aiogram.dispatcher: Sleep for 4.990058 seconds and try again... (tryings = 6, bot id = 8940303755)
2026-08-14 13:56:26,391 ERROR aiogram.dispatcher: Failed to fetch updates - TelegramNetworkError: HTTP Client says - ClientConnectorDNSError: Cannot connect to host api.telegram.org:443 ssl:default [getaddrinfo failed]
2026-08-14 13:56:26,393 WARNING aiogram.dispatcher: Sleep for 5.186664 seconds and try again... (tryings = 7, bot id = 8940303755)
2026-08-14 13:56:31,596 ERROR aiogram.dispatcher: Failed to fetch updates - TelegramNetworkError: HTTP Client says - ClientConnectorDNSError: Cannot connect to host api.telegram.org:443 ssl:default [getaddrinfo failed]
2026-08-14 13:56:31,596 WARNING aiogram.dispatcher: Sleep for 4.906957 seconds and try again... (tryings = 8, bot id = 8940303755)
2026-08-14 13:56:36,506 ERROR aiogram.dispatcher: Failed to fetch updates - TelegramNetworkError: HTTP Client says - ClientConnectorDNSError: Cannot connect to host api.telegram.org:443 ssl:default [getaddrinfo failed]
2026-08-14 13:56:36,506 WARNING aiogram.dispatcher: Sleep for 4.922251 seconds and try again... (tryings = 9, bot id = 8940303755)
2026-08-14 13:56:41,430 ERROR aiogram.dispatcher: Failed to fetch updates - TelegramNetworkError: HTTP Client says - ClientConnectorDNSError: Cannot connect to host api.telegram.org:443 ssl:default [getaddrinfo failed]
2026-08-14 13:56:41,430 WARNING aiogram.dispatcher: Sleep for 5.009972 seconds and try again... (tryings = 10, bot id = 8940303755)
2026-08-14 13:56:46,447 ERROR aiogram.dispatcher: Failed to fetch updates - TelegramNetworkError: HTTP Client says - ClientConnectorDNSError: Cannot connect to host api.telegram.org:443 ssl:default [getaddrinfo failed]
2026-08-14 13:56:46,447 WARNING aiogram.dispatcher: Sleep for 4.886203 seconds and try again... (tryings = 11, bot id = 8940303755)
2026-08-14 13:56:51,347 ERROR aiogram.dispatcher: Failed to fetch updates - TelegramNetworkError: HTTP Client says - ClientConnectorDNSError: Cannot connect to host api.telegram.org:443 ssl:default [getaddrinfo failed]
2026-08-14 13:56:51,347 WARNING aiogram.dispatcher: Sleep for 5.075155 seconds and try again... (tryings = 12, bot id = 8940303755)
2026-08-14 13:56:56,431 ERROR aiogram.dispatcher: Failed to fetch updates - TelegramNetworkError: HTTP Client says - ClientConnectorDNSError: Cannot connect to host api.telegram.org:443 ssl:default [getaddrinfo failed]
2026-08-14 13:56:56,433 WARNING aiogram.dispatcher: Sleep for 4.958507 seconds and try again... (tryings = 13, bot id = 8940303755)
2026-08-14 13:57:01,398 ERROR aiogram.dispatcher: Failed to fetch updates - TelegramNetworkError: HTTP Client says - ClientConnectorDNSError: Cannot connect to host api.telegram.org:443 ssl:default [getaddrinfo failed]
2026-08-14 13:57:01,398 WARNING aiogram.dispatcher: Sleep for 5.148993 seconds and try again... (tryings = 14, bot id = 8940303755)
2026-08-14 13:57:06,549 ERROR aiogram.dispatcher: Failed to fetch updates - TelegramNetworkError: HTTP Client says - ClientConnectorDNSError: Cannot connect to host api.telegram.org:443 ssl:default [getaddrinfo failed]
2026-08-14 13:57:06,549 WARNING aiogram.dispatcher: Sleep for 5.267962 seconds and try again... (tryings = 15, bot id = 8940303755)
2026-08-14 13:57:11,831 ERROR aiogram.dispatcher: Failed to fetch updates - TelegramNetworkError: HTTP Client says - ClientConnectorDNSError: Cannot connect to host api.telegram.org:443 ssl:default [getaddrinfo failed]
2026-08-14 13:57:11,831 WARNING aiogram.dispatcher: Sleep for 5.119966 seconds and try again... (tryings = 16, bot id = 8940303755)
2026-08-14 13:57:16,965 ERROR aiogram.dispatcher: Failed to fetch updates - TelegramNetworkError: HTTP Client says - ClientConnectorDNSError: Cannot connect to host api.telegram.org:443 ssl:default [getaddrinfo failed]
2026-08-14 13:57:16,965 WARNING aiogram.dispatcher: Sleep for 4.962121 seconds and try again... (tryings = 17, bot id = 8940303755)
2026-08-14 13:57:21,932 ERROR aiogram.dispatcher: Failed to fetch updates - TelegramNetworkError: HTTP Client says - ClientConnectorDNSError: Cannot connect to host api.telegram.org:443 ssl:default [getaddrinfo failed]
2026-08-14 13:57:21,935 WARNING aiogram.dispatcher: Sleep for 4.893083 seconds and try again... (tryings = 18, bot id = 8940303755)
2026-08-14 13:57:26,835 ERROR aiogram.dispatcher: Failed to fetch updates - TelegramNetworkError: HTTP Client says - ClientConnectorDNSError: Cannot connect to host api.telegram.org:443 ssl:default [getaddrinfo failed]
2026-08-14 13:57:26,835 WARNING aiogram.dispatcher: Sleep for 5.131416 seconds and try again... (tryings = 19, bot id = 8940303755)
2026-08-14 13:57:31,983 ERROR aiogram.dispatcher: Failed to fetch updates - TelegramNetworkError: HTTP Client says - ClientConnectorDNSError: Cannot connect to host api.telegram.org:443 ssl:default [getaddrinfo failed]
2026-08-14 13:57:31,983 WARNING aiogram.dispatcher: Sleep for 5.052273 seconds and try again... (tryings = 20, bot id = 8940303755)
2026-08-14 13:57:37,047 ERROR aiogram.dispatcher: Failed to fetch updates - TelegramNetworkError: HTTP Client says - ClientConnectorDNSError: Cannot connect to host api.telegram.org:443 ssl:default [getaddrinfo failed]
2026-08-14 13:57:37,047 WARNING aiogram.dispatcher: Sleep for 5.011690 seconds and try again... (tryings = 21, bot id = 8940303755)
2026-08-14 13:57:42,066 ERROR aiogram.dispatcher: Failed to fetch updates - TelegramNetworkError: HTTP Client says - ClientConnectorDNSError: Cannot connect to host api.telegram.org:443 ssl:default [getaddrinfo failed]
2026-08-14 13:57:42,066 WARNING aiogram.dispatcher: Sleep for 4.858042 seconds and try again... (tryings = 22, bot id = 8940303755)
2026-08-14 13:57:46,932 ERROR aiogram.dispatcher: Failed to fetch updates - TelegramNetworkError: HTTP Client says - ClientConnectorDNSError: Cannot connect to host api.telegram.org:443 ssl:default [getaddrinfo failed]
2026-08-14 13:57:46,932 WARNING aiogram.dispatcher: Sleep for 5.137020 seconds and try again... (tryings = 23, bot id = 8940303755)
2026-08-14 13:57:52,081 ERROR aiogram.dispatcher: Failed to fetch updates - TelegramNetworkError: HTTP Client says - ClientConnectorDNSError: Cannot connect to host api.telegram.org:443 ssl:default [getaddrinfo failed]
2026-08-14 13:57:52,083 WARNING aiogram.dispatcher: Sleep for 4.901622 seconds and try again... (tryings = 24, bot id = 8940303755)
2026-08-14 13:57:57,001 ERROR aiogram.dispatcher: Failed to fetch updates - TelegramNetworkError: HTTP Client says - ClientConnectorDNSError: Cannot connect to host api.telegram.org:443 ssl:default [getaddrinfo failed]
2026-08-14 13:57:57,002 WARNING aiogram.dispatcher: Sleep for 5.024841 seconds and try again... (tryings = 25, bot id = 8940303755)
2026-08-14 13:58:02,035 ERROR aiogram.dispatcher: Failed to fetch updates - TelegramNetworkError: HTTP Client says - ClientConnectorDNSError: Cannot connect to host api.telegram.org:443 ssl:default [getaddrinfo failed]
2026-08-14 13:58:02,035 WARNING aiogram.dispatcher: Sleep for 4.927906 seconds and try again... (tryings = 26, bot id = 8940303755)
2026-08-14 13:58:06,967 ERROR aiogram.dispatcher: Failed to fetch updates - TelegramNetworkError: HTTP Client says - ClientConnectorDNSError: Cannot connect to host api.telegram.org:443 ssl:default [getaddrinfo failed]
2026-08-14 13:58:06,967 WARNING aiogram.dispatcher: Sleep for 4.908473 seconds and try again... (tryings = 27, bot id = 8940303755)
2026-08-14 13:58:11,900 ERROR aiogram.dispatcher: Failed to fetch updates - TelegramNetworkError: HTTP Client says - ClientConnectorDNSError: Cannot connect to host api.telegram.org:443 ssl:default [getaddrinfo failed]
2026-08-14 13:58:11,900 WARNING aiogram.dispatcher: Sleep for 5.060874 seconds and try again... (tryings = 28, bot id = 8940303755)
2026-08-14 13:58:16,969 ERROR aiogram.dispatcher: Failed to fetch updates - TelegramNetworkError: HTTP Client says - ClientConnectorDNSError: Cannot connect to host api.telegram.org:443 ssl:default [getaddrinfo failed]
2026-08-14 13:58:16,969 WARNING aiogram.dispatcher: Sleep for 5.056539 seconds and try again... (tryings = 29, bot id = 8940303755)
2026-08-14 13:58:22,033 ERROR aiogram.dispatcher: Failed to fetch updates - TelegramNetworkError: HTTP Client says - ClientConnectorDNSError: Cannot connect to host api.telegram.org:443 ssl:default [getaddrinfo failed]
2026-08-14 13:58:22,033 WARNING aiogram.dispatcher: Sleep for 4.940883 seconds and try again... (tryings = 30, bot id = 8940303755)
2026-08-14 13:58:26,985 ERROR aiogram.dispatcher: Failed to fetch updates - TelegramNetworkError: HTTP Client says - ClientConnectorDNSError: Cannot connect to host api.telegram.org:443 ssl:default [getaddrinfo failed]
2026-08-14 13:58:26,985 WARNING aiogram.dispatcher: Sleep for 4.977766 seconds and try again... (tryings = 31, bot id = 8940303755)
2026-08-14 13:58:31,968 ERROR aiogram.dispatcher: Failed to fetch updates - TelegramNetworkError: HTTP Client says - ClientConnectorDNSError: Cannot connect to host api.telegram.org:443 ssl:default [getaddrinfo failed]
2026-08-14 13:58:31,968 WARNING aiogram.dispatcher: Sleep for 5.031019 seconds and try again... (tryings = 32, bot id = 8940303755)
2026-08-14 13:58:37,004 ERROR aiogram.dispatcher: Failed to fetch updates - TelegramNetworkError: HTTP Client says - ClientConnectorDNSError: Cannot connect to host api.telegram.org:443 ssl:default [getaddrinfo failed]
2026-08-14 13:58:37,005 WARNING aiogram.dispatcher: Sleep for 4.962731 seconds and try again... (tryings = 33, bot id = 8940303755)
2026-08-14 13:58:41,985 ERROR aiogram.dispatcher: Failed to fetch updates - TelegramNetworkError: HTTP Client says - ClientConnectorDNSError: Cannot connect to host api.telegram.org:443 ssl:default [getaddrinfo failed]
2026-08-14 13:58:41,985 WARNING aiogram.dispatcher: Sleep for 4.912275 seconds and try again... (tryings = 34, bot id = 8940303755)
2026-08-14 13:58:46,902 ERROR aiogram.dispatcher: Failed to fetch updates - TelegramNetworkError: HTTP Client says - ClientConnectorDNSError: Cannot connect to host api.telegram.org:443 ssl:default [getaddrinfo failed]
2026-08-14 13:58:46,902 WARNING aiogram.dispatcher: Sleep for 5.044632 seconds and try again... (tryings = 35, bot id = 8940303755)
2026-08-14 13:58:51,953 ERROR aiogram.dispatcher: Failed to fetch updates - TelegramNetworkError: HTTP Client says - ClientConnectorDNSError: Cannot connect to host api.telegram.org:443 ssl:default [getaddrinfo failed]
2026-08-14 13:58:51,953 WARNING aiogram.dispatcher: Sleep for 4.946570 seconds and try again... (tryings = 36, bot id = 8940303755)
2026-08-14 13:58:56,921 ERROR aiogram.dispatcher: Failed to fetch updates - TelegramNetworkError: HTTP Client says - ClientConnectorDNSError: Cannot connect to host api.telegram.org:443 ssl:default [getaddrinfo failed]
2026-08-14 13:58:56,921 WARNING aiogram.dispatcher: Sleep for 4.909613 seconds and try again... (tryings = 37, bot id = 8940303755)
2026-08-14 13:59:01,836 ERROR aiogram.dispatcher: Failed to fetch updates - TelegramNetworkError: HTTP Client says - ClientConnectorDNSError: Cannot connect to host api.telegram.org:443 ssl:default [getaddrinfo failed]
2026-08-14 13:59:01,836 WARNING aiogram.dispatcher: Sleep for 4.992650 seconds and try again... (tryings = 38, bot id = 8940303755)
2026-08-14 13:59:06,836 ERROR aiogram.dispatcher: Failed to fetch updates - TelegramNetworkError: HTTP Client says - ClientConnectorDNSError: Cannot connect to host api.telegram.org:443 ssl:default [getaddrinfo failed]
2026-08-14 13:59:06,836 WARNING aiogram.dispatcher: Sleep for 5.071694 seconds and try again... (tryings = 39, bot id = 8940303755)
2026-08-14 13:59:11,919 ERROR aiogram.dispatcher: Failed to fetch updates - TelegramNetworkError: HTTP Client says - ClientConnectorDNSError: Cannot connect to host api.telegram.org:443 ssl:default [getaddrinfo failed]
2026-08-14 13:59:11,919 WARNING aiogram.dispatcher: Sleep for 4.980959 seconds and try again... (tryings = 40, bot id = 8940303755)
2026-08-14 13:59:16,905 ERROR aiogram.dispatcher: Failed to fetch updates - TelegramNetworkError: HTTP Client says - ClientConnectorDNSError: Cannot connect to host api.telegram.org:443 ssl:default [getaddrinfo failed]
2026-08-14 13:59:16,905 WARNING aiogram.dispatcher: Sleep for 4.880491 seconds and try again... (tryings = 41, bot id = 8940303755)
2026-08-14 13:59:21,789 ERROR aiogram.dispatcher: Failed to fetch updates - TelegramNetworkError: HTTP Client says - ClientConnectorDNSError: Cannot connect to host api.telegram.org:443 ssl:default [getaddrinfo failed]
2026-08-14 13:59:21,789 WARNING aiogram.dispatcher: Sleep for 5.191572 seconds and try again... (tryings = 42, bot id = 8940303755)
2026-08-14 13:59:26,987 ERROR aiogram.dispatcher: Failed to fetch updates - TelegramNetworkError: HTTP Client says - ClientConnectorDNSError: Cannot connect to host api.telegram.org:443 ssl:default [getaddrinfo failed]
2026-08-14 13:59:26,987 WARNING aiogram.dispatcher: Sleep for 4.800003 seconds and try again... (tryings = 43, bot id = 8940303755)
2026-08-14 13:59:31,805 ERROR aiogram.dispatcher: Failed to fetch updates - TelegramNetworkError: HTTP Client says - ClientConnectorDNSError: Cannot connect to host api.telegram.org:443 ssl:default [getaddrinfo failed]
2026-08-14 13:59:31,805 WARNING aiogram.dispatcher: Sleep for 5.032970 seconds and try again... (tryings = 44, bot id = 8940303755)
2026-08-14 13:59:36,854 ERROR aiogram.dispatcher: Failed to fetch updates - TelegramNetworkError: HTTP Client says - ClientConnectorDNSError: Cannot connect to host api.telegram.org:443 ssl:default [getaddrinfo failed]
2026-08-14 13:59:36,854 WARNING aiogram.dispatcher: Sleep for 4.890534 seconds and try again... (tryings = 45, bot id = 8940303755)
2026-08-14 13:59:41,739 ERROR aiogram.dispatcher: Failed to fetch updates - TelegramNetworkError: HTTP Client says - ClientConnectorDNSError: Cannot connect to host api.telegram.org:443 ssl:default [getaddrinfo failed]
2026-08-14 13:59:41,739 WARNING aiogram.dispatcher: Sleep for 5.103084 seconds and try again... (tryings = 46, bot id = 8940303755)
2026-08-14 13:59:46,854 ERROR aiogram.dispatcher: Failed to fetch updates - TelegramNetworkError: HTTP Client says - ClientConnectorDNSError: Cannot connect to host api.telegram.org:443 ssl:default [getaddrinfo failed]
2026-08-14 13:59:46,854 WARNING aiogram.dispatcher: Sleep for 5.062559 seconds and try again... (tryings = 47, bot id = 8940303755)
2026-08-14 13:59:51,922 ERROR aiogram.dispatcher: Failed to fetch updates - TelegramNetworkError: HTTP Client says - ClientConnectorDNSError: Cannot connect to host api.telegram.org:443 ssl:default [getaddrinfo failed]
2026-08-14 13:59:51,922 WARNING aiogram.dispatcher: Sleep for 5.038088 seconds and try again... (tryings = 48, bot id = 8940303755)
2026-08-14 13:59:56,973 ERROR aiogram.dispatcher: Failed to fetch updates - TelegramNetworkError: HTTP Client says - ClientConnectorDNSError: Cannot connect to host api.telegram.org:443 ssl:default [getaddrinfo failed]
2026-08-14 13:59:56,973 WARNING aiogram.dispatcher: Sleep for 5.076617 seconds and try again... (tryings = 49, bot id = 8940303755)
2026-08-14 14:00:02,054 ERROR aiogram.dispatcher: Failed to fetch updates - TelegramNetworkError: HTTP Client says - ClientConnectorDNSError: Cannot connect to host api.telegram.org:443 ssl:default [getaddrinfo failed]
2026-08-14 14:00:02,054 WARNING aiogram.dispatcher: Sleep for 5.146200 seconds and try again... (tryings = 50, bot id = 8940303755)
2026-08-14 14:00:07,206 ERROR aiogram.dispatcher: Failed to fetch updates - TelegramNetworkError: HTTP Client says - ClientConnectorDNSError: Cannot connect to host api.telegram.org:443 ssl:default [getaddrinfo failed]
2026-08-14 14:00:07,206 WARNING aiogram.dispatcher: Sleep for 4.961951 seconds and try again... (tryings = 51, bot id = 8940303755)
2026-08-14 14:00:12,173 ERROR aiogram.dispatcher: Failed to fetch updates - TelegramNetworkError: HTTP Client says - ClientConnectorDNSError: Cannot connect to host api.telegram.org:443 ssl:default [getaddrinfo failed]
2026-08-14 14:00:12,173 WARNING aiogram.dispatcher: Sleep for 5.007021 seconds and try again... (tryings = 52, bot id = 8940303755)
2026-08-14 14:00:17,185 ERROR aiogram.dispatcher: Failed to fetch updates - TelegramNetworkError: HTTP Client says - ClientConnectorDNSError: Cannot connect to host api.telegram.org:443 ssl:default [getaddrinfo failed]
2026-08-14 14:00:17,185 WARNING aiogram.dispatcher: Sleep for 5.124495 seconds and try again... (tryings = 53, bot id = 8940303755)
2026-08-14 14:00:22,325 ERROR aiogram.dispatcher: Failed to fetch updates - TelegramNetworkError: HTTP Client says - ClientConnectorDNSError: Cannot connect to host api.telegram.org:443 ssl:default [getaddrinfo failed]
2026-08-14 14:00:22,325 WARNING aiogram.dispatcher: Sleep for 5.028189 seconds and try again... (tryings = 54, bot id = 8940303755)
2026-08-14 14:00:27,373 ERROR aiogram.dispatcher: Failed to fetch updates - TelegramNetworkError: HTTP Client says - ClientConnectorDNSError: Cannot connect to host api.telegram.org:443 ssl:default [getaddrinfo failed]
2026-08-14 14:00:27,378 WARNING aiogram.dispatcher: Sleep for 4.992641 seconds and try again... (tryings = 55, bot id = 8940303755)
2026-08-14 14:00:32,376 ERROR aiogram.dispatcher: Failed to fetch updates - TelegramNetworkError: HTTP Client says - ClientConnectorDNSError: Cannot connect to host api.telegram.org:443 ssl:default [getaddrinfo failed]
2026-08-14 14:00:32,376 WARNING aiogram.dispatcher: Sleep for 4.994141 seconds and try again... (tryings = 56, bot id = 8940303755)
2026-08-14 14:00:37,375 ERROR aiogram.dispatcher: Failed to fetch updates - TelegramNetworkError: HTTP Client says - ClientConnectorDNSError: Cannot connect to host api.telegram.org:443 ssl:default [getaddrinfo failed]
2026-08-14 14:00:37,375 WARNING aiogram.dispatcher: Sleep for 5.146096 seconds and try again... (tryings = 57, bot id = 8940303755)
2026-08-14 14:00:42,526 ERROR aiogram.dispatcher: Failed to fetch updates - TelegramNetworkError: HTTP Client says - ClientConnectorDNSError: Cannot connect to host api.telegram.org:443 ssl:default [getaddrinfo failed]
2026-08-14 14:00:42,526 WARNING aiogram.dispatcher: Sleep for 4.976483 seconds and try again... (tryings = 58, bot id = 8940303755)
2026-08-14 14:00:47,508 ERROR aiogram.dispatcher: Failed to fetch updates - TelegramNetworkError: HTTP Client says - ClientConnectorDNSError: Cannot connect to host api.telegram.org:443 ssl:default [getaddrinfo failed]
2026-08-14 14:00:47,508 WARNING aiogram.dispatcher: Sleep for 5.089194 seconds and try again... (tryings = 59, bot id = 8940303755)
2026-08-14 14:00:52,608 ERROR aiogram.dispatcher: Failed to fetch updates - TelegramNetworkError: HTTP Client says - ClientConnectorDNSError: Cannot connect to host api.telegram.org:443 ssl:default [getaddrinfo failed]
2026-08-14 14:00:52,608 WARNING aiogram.dispatcher: Sleep for 5.065207 seconds and try again... (tryings = 60, bot id = 8940303755)
2026-08-14 14:00:57,693 ERROR aiogram.dispatcher: Failed to fetch updates - TelegramNetworkError: HTTP Client says - ClientConnectorDNSError: Cannot connect to host api.telegram.org:443 ssl:default [getaddrinfo failed]
2026-08-14 14:00:57,693 WARNING aiogram.dispatcher: Sleep for 4.920286 seconds and try again... (tryings = 61, bot id = 8940303755)
2026-08-14 14:01:02,618 ERROR aiogram.dispatcher: Failed to fetch updates - TelegramNetworkError: HTTP Client says - ClientConnectorDNSError: Cannot connect to host api.telegram.org:443 ssl:default [getaddrinfo failed]
2026-08-14 14:01:02,619 WARNING aiogram.dispatcher: Sleep for 4.956108 seconds and try again... (tryings = 62, bot id = 8940303755)
2026-08-14 14:01:07,579 ERROR aiogram.dispatcher: Failed to fetch updates - TelegramNetworkError: HTTP Client says - ClientConnectorDNSError: Cannot connect to host api.telegram.org:443 ssl:default [getaddrinfo failed]
2026-08-14 14:01:07,582 WARNING aiogram.dispatcher: Sleep for 5.082092 seconds and try again... (tryings = 63, bot id = 8940303755)
2026-08-14 14:01:12,678 ERROR aiogram.dispatcher: Failed to fetch updates - TelegramNetworkError: HTTP Client says - ClientConnectorDNSError: Cannot connect to host api.telegram.org:443 ssl:default [getaddrinfo failed]
2026-08-14 14:01:12,678 WARNING aiogram.dispatcher: Sleep for 5.070782 seconds and try again... (tryings = 64, bot id = 8940303755)
2026-08-14 14:01:17,755 ERROR aiogram.dispatcher: Failed to fetch updates - TelegramNetworkError: HTTP Client says - ClientConnectorDNSError: Cannot connect to host api.telegram.org:443 ssl:default [getaddrinfo failed]
2026-08-14 14:01:17,755 WARNING aiogram.dispatcher: Sleep for 4.928281 seconds and try again... (tryings = 65, bot id = 8940303755)
2026-08-14 14:01:22,688 ERROR aiogram.dispatcher: Failed to fetch updates - TelegramNetworkError: HTTP Client says - ClientConnectorDNSError: Cannot connect to host api.telegram.org:443 ssl:default [getaddrinfo failed]
2026-08-14 14:01:22,688 WARNING aiogram.dispatcher: Sleep for 5.101870 seconds and try again... (tryings = 66, bot id = 8940303755)
2026-08-14 14:01:27,796 ERROR aiogram.dispatcher: Failed to fetch updates - TelegramNetworkError: HTTP Client says - ClientConnectorDNSError: Cannot connect to host api.telegram.org:443 ssl:default [getaddrinfo failed]
2026-08-14 14:01:27,796 WARNING aiogram.dispatcher: Sleep for 5.143503 seconds and try again... (tryings = 67, bot id = 8940303755)
2026-08-14 14:01:32,954 ERROR aiogram.dispatcher: Failed to fetch updates - TelegramNetworkError: HTTP Client says - ClientConnectorDNSError: Cannot connect to host api.telegram.org:443 ssl:default [getaddrinfo failed]
2026-08-14 14:01:32,954 WARNING aiogram.dispatcher: Sleep for 5.052025 seconds and try again... (tryings = 68, bot id = 8940303755)
2026-08-14 14:01:38,013 ERROR aiogram.dispatcher: Failed to fetch updates - TelegramNetworkError: HTTP Client says - ClientConnectorDNSError: Cannot connect to host api.telegram.org:443 ssl:default [getaddrinfo failed]
2026-08-14 14:01:38,013 WARNING aiogram.dispatcher: Sleep for 4.887586 seconds and try again... (tryings = 69, bot id = 8940303755)
2026-08-14 14:01:42,924 ERROR aiogram.dispatcher: Failed to fetch updates - TelegramNetworkError: HTTP Client says - ClientConnectorDNSError: Cannot connect to host api.telegram.org:443 ssl:default [getaddrinfo failed]
2026-08-14 14:01:42,924 WARNING aiogram.dispatcher: Sleep for 4.926527 seconds and try again... (tryings = 70, bot id = 8940303755)
2026-08-14 14:01:47,867 ERROR aiogram.dispatcher: Failed to fetch updates - TelegramNetworkError: HTTP Client says - ClientConnectorDNSError: Cannot connect to host api.telegram.org:443 ssl:default [getaddrinfo failed]
2026-08-14 14:01:47,867 WARNING aiogram.dispatcher: Sleep for 4.913120 seconds and try again... (tryings = 71, bot id = 8940303755)
2026-08-14 14:01:52,790 ERROR aiogram.dispatcher: Failed to fetch updates - TelegramNetworkError: HTTP Client says - ClientConnectorDNSError: Cannot connect to host api.telegram.org:443 ssl:default [getaddrinfo failed]
2026-08-14 14:01:52,790 WARNING aiogram.dispatcher: Sleep for 4.930827 seconds and try again... (tryings = 72, bot id = 8940303755)
2026-08-14 14:01:57,711 ERROR aiogram.dispatcher: Failed to fetch updates - TelegramNetworkError: HTTP Client says - ClientConnectorDNSError: Cannot connect to host api.telegram.org:443 ssl:default [getaddrinfo failed]
2026-08-14 14:01:57,711 WARNING aiogram.dispatcher: Sleep for 5.160387 seconds and try again... (tryings = 73, bot id = 8940303755)
2026-08-14 14:02:02,875 ERROR aiogram.dispatcher: Failed to fetch updates - TelegramNetworkError: HTTP Client says - ClientConnectorDNSError: Cannot connect to host api.telegram.org:443 ssl:default [getaddrinfo failed]
2026-08-14 14:02:02,875 WARNING aiogram.dispatcher: Sleep for 4.948517 seconds and try again... (tryings = 74, bot id = 8940303755)
2026-08-14 14:02:07,824 ERROR aiogram.dispatcher: Failed to fetch updates - TelegramNetworkError: HTTP Client says - ClientConnectorDNSError: Cannot connect to host api.telegram.org:443 ssl:default [getaddrinfo failed]
2026-08-14 14:02:07,824 WARNING aiogram.dispatcher: Sleep for 5.118780 seconds and try again... (tryings = 75, bot id = 8940303755)
2026-08-14 14:02:12,955 ERROR aiogram.dispatcher: Failed to fetch updates - TelegramNetworkError: HTTP Client says - ClientConnectorDNSError: Cannot connect to host api.telegram.org:443 ssl:default [getaddrinfo failed]
2026-08-14 14:02:12,955 WARNING aiogram.dispatcher: Sleep for 4.968676 seconds and try again... (tryings = 76, bot id = 8940303755)
2026-08-14 14:02:17,941 ERROR aiogram.dispatcher: Failed to fetch updates - TelegramNetworkError: HTTP Client says - ClientConnectorDNSError: Cannot connect to host api.telegram.org:443 ssl:default [getaddrinfo failed]
2026-08-14 14:02:17,941 WARNING aiogram.dispatcher: Sleep for 5.109620 seconds and try again... (tryings = 77, bot id = 8940303755)
2026-08-14 14:02:23,065 ERROR aiogram.dispatcher: Failed to fetch updates - TelegramNetworkError: HTTP Client says - ClientConnectorDNSError: Cannot connect to host api.telegram.org:443 ssl:default [getaddrinfo failed]
2026-08-14 14:02:23,065 WARNING aiogram.dispatcher: Sleep for 5.028844 seconds and try again... (tryings = 78, bot id = 8940303755)
2026-08-14 14:02:28,114 ERROR aiogram.dispatcher: Failed to fetch updates - TelegramNetworkError: HTTP Client says - ClientConnectorDNSError: Cannot connect to host api.telegram.org:443 ssl:default [getaddrinfo failed]
2026-08-14 14:02:28,114 WARNING aiogram.dispatcher: Sleep for 5.155425 seconds and try again... (tryings = 79, bot id = 8940303755)
2026-08-14 14:02:33,275 ERROR aiogram.dispatcher: Failed to fetch updates - TelegramNetworkError: HTTP Client says - ClientConnectorDNSError: Cannot connect to host api.telegram.org:443 ssl:default [getaddrinfo failed]
2026-08-14 14:02:33,275 WARNING aiogram.dispatcher: Sleep for 5.085657 seconds and try again... (tryings = 80, bot id = 8940303755)
2026-08-14 14:02:38,371 ERROR aiogram.dispatcher: Failed to fetch updates - TelegramNetworkError: HTTP Client says - ClientConnectorDNSError: Cannot connect to host api.telegram.org:443 ssl:default [getaddrinfo failed]
2026-08-14 14:02:38,371 WARNING aiogram.dispatcher: Sleep for 4.871402 seconds and try again... (tryings = 81, bot id = 8940303755)
2026-08-14 14:02:43,252 ERROR aiogram.dispatcher: Failed to fetch updates - TelegramNetworkError: HTTP Client says - ClientConnectorDNSError: Cannot connect to host api.telegram.org:443 ssl:default [getaddrinfo failed]
2026-08-14 14:02:43,252 WARNING aiogram.dispatcher: Sleep for 4.971701 seconds and try again... (tryings = 82, bot id = 8940303755)
2026-08-14 14:02:48,229 ERROR aiogram.dispatcher: Failed to fetch updates - TelegramNetworkError: HTTP Client says - ClientConnectorDNSError: Cannot connect to host api.telegram.org:443 ssl:default [getaddrinfo failed]
2026-08-14 14:02:48,229 WARNING aiogram.dispatcher: Sleep for 5.007079 seconds and try again... (tryings = 83, bot id = 8940303755)
2026-08-14 14:02:53,240 ERROR aiogram.dispatcher: Failed to fetch updates - TelegramNetworkError: HTTP Client says - ClientConnectorDNSError: Cannot connect to host api.telegram.org:443 ssl:default [getaddrinfo failed]
2026-08-14 14:02:53,240 WARNING aiogram.dispatcher: Sleep for 4.908907 seconds and try again... (tryings = 84, bot id = 8940303755)
2026-08-14 14:02:58,146 ERROR aiogram.dispatcher: Failed to fetch updates - TelegramNetworkError: HTTP Client says - ClientConnectorDNSError: Cannot connect to host api.telegram.org:443 ssl:default [getaddrinfo failed]
2026-08-14 14:02:58,146 WARNING aiogram.dispatcher: Sleep for 5.073140 seconds and try again... (tryings = 85, bot id = 8940303755)
2026-08-14 14:03:03,231 ERROR aiogram.dispatcher: Failed to fetch updates - TelegramNetworkError: HTTP Client says - ClientConnectorDNSError: Cannot connect to host api.telegram.org:443 ssl:default [getaddrinfo failed]
2026-08-14 14:03:03,231 WARNING aiogram.dispatcher: Sleep for 4.897632 seconds and try again... (tryings = 86, bot id = 8940303755)
2026-08-14 14:03:08,132 ERROR aiogram.dispatcher: Failed to fetch updates - TelegramNetworkError: HTTP Client says - ClientConnectorDNSError: Cannot connect to host api.telegram.org:443 ssl:default [getaddrinfo failed]
2026-08-14 14:03:08,132 WARNING aiogram.dispatcher: Sleep for 5.099323 seconds and try again... (tryings = 87, bot id = 8940303755)
2026-08-14 14:03:13,238 ERROR aiogram.dispatcher: Failed to fetch updates - TelegramNetworkError: HTTP Client says - ClientConnectorDNSError: Cannot connect to host api.telegram.org:443 ssl:default [getaddrinfo failed]
2026-08-14 14:03:13,238 WARNING aiogram.dispatcher: Sleep for 5.008911 seconds and try again... (tryings = 88, bot id = 8940303755)
2026-08-14 14:03:18,258 ERROR aiogram.dispatcher: Failed to fetch updates - TelegramNetworkError: HTTP Client says - ClientConnectorDNSError: Cannot connect to host api.telegram.org:443 ssl:default [getaddrinfo failed]
2026-08-14 14:03:18,258 WARNING aiogram.dispatcher: Sleep for 5.011980 seconds and try again... (tryings = 89, bot id = 8940303755)
2026-08-14 14:03:23,282 ERROR aiogram.dispatcher: Failed to fetch updates - TelegramNetworkError: HTTP Client says - ClientConnectorDNSError: Cannot connect to host api.telegram.org:443 ssl:default [getaddrinfo failed]
2026-08-14 14:03:23,282 WARNING aiogram.dispatcher: Sleep for 5.076409 seconds and try again... (tryings = 90, bot id = 8940303755)
2026-08-14 14:03:28,371 ERROR aiogram.dispatcher: Failed to fetch updates - TelegramNetworkError: HTTP Client says - ClientConnectorDNSError: Cannot connect to host api.telegram.org:443 ssl:default [getaddrinfo failed]
2026-08-14 14:03:28,371 WARNING aiogram.dispatcher: Sleep for 4.934628 seconds and try again... (tryings = 91, bot id = 8940303755)
2026-08-14 14:03:33,315 ERROR aiogram.dispatcher: Failed to fetch updates - TelegramNetworkError: HTTP Client says - ClientConnectorDNSError: Cannot connect to host api.telegram.org:443 ssl:default [getaddrinfo failed]
2026-08-14 14:03:33,315 WARNING aiogram.dispatcher: Sleep for 4.980731 seconds and try again... (tryings = 92, bot id = 8940303755)
2026-08-14 14:03:38,312 ERROR aiogram.dispatcher: Failed to fetch updates - TelegramNetworkError: HTTP Client says - ClientConnectorDNSError: Cannot connect to host api.telegram.org:443 ssl:default [getaddrinfo failed]
2026-08-14 14:03:38,312 WARNING aiogram.dispatcher: Sleep for 5.070669 seconds and try again... (tryings = 93, bot id = 8940303755)
2026-08-14 14:03:43,408 ERROR aiogram.dispatcher: Failed to fetch updates - TelegramNetworkError: HTTP Client says - ClientConnectorDNSError: Cannot connect to host api.telegram.org:443 ssl:default [getaddrinfo failed]
2026-08-14 14:03:43,408 WARNING aiogram.dispatcher: Sleep for 5.058275 seconds and try again... (tryings = 94, bot id = 8940303755)
2026-08-14 14:03:48,468 ERROR aiogram.dispatcher: Failed to fetch updates - TelegramNetworkError: HTTP Client says - ClientConnectorDNSError: Cannot connect to host api.telegram.org:443 ssl:default [getaddrinfo failed]
2026-08-14 14:03:48,468 WARNING aiogram.dispatcher: Sleep for 4.981225 seconds and try again... (tryings = 95, bot id = 8940303755)
2026-08-14 14:03:53,462 ERROR aiogram.dispatcher: Failed to fetch updates - TelegramNetworkError: HTTP Client says - ClientConnectorDNSError: Cannot connect to host api.telegram.org:443 ssl:default [getaddrinfo failed]
2026-08-14 14:03:53,462 WARNING aiogram.dispatcher: Sleep for 5.196413 seconds and try again... (tryings = 96, bot id = 8940303755)
2026-08-14 14:03:58,649 ERROR aiogram.dispatcher: Failed to fetch updates - TelegramNetworkError: HTTP Client says - ClientConnectorDNSError: Cannot connect to host api.telegram.org:443 ssl:default [getaddrinfo failed]
2026-08-14 14:03:58,649 WARNING aiogram.dispatcher: Sleep for 5.087940 seconds and try again... (tryings = 97, bot id = 8940303755)
2026-08-14 14:04:03,747 ERROR aiogram.dispatcher: Failed to fetch updates - TelegramNetworkError: HTTP Client says - ClientConnectorDNSError: Cannot connect to host api.telegram.org:443 ssl:default [getaddrinfo failed]
2026-08-14 14:04:03,747 WARNING aiogram.dispatcher: Sleep for 5.019513 seconds and try again... (tryings = 98, bot id = 8940303755)
2026-08-14 14:04:08,780 ERROR aiogram.dispatcher: Failed to fetch updates - TelegramNetworkError: HTTP Client says - ClientConnectorDNSError: Cannot connect to host api.telegram.org:443 ssl:default [getaddrinfo failed]
2026-08-14 14:04:08,780 WARNING aiogram.dispatcher: Sleep for 5.088270 seconds and try again... (tryings = 99, bot id = 8940303755)
2026-08-14 14:04:13,875 ERROR aiogram.dispatcher: Failed to fetch updates - TelegramNetworkError: HTTP Client says - ClientConnectorDNSError: Cannot connect to host api.telegram.org:443 ssl:default [getaddrinfo failed]
2026-08-14 14:04:13,875 WARNING aiogram.dispatcher: Sleep for 4.889644 seconds and try again... (tryings = 100, bot id = 8940303755)
2026-08-14 14:04:18,776 ERROR aiogram.dispatcher: Failed to fetch updates - TelegramNetworkError: HTTP Client says - ClientConnectorDNSError: Cannot connect to host api.telegram.org:443 ssl:default [getaddrinfo failed]
2026-08-14 14:04:18,776 WARNING aiogram.dispatcher: Sleep for 4.960032 seconds and try again... (tryings = 101, bot id = 8940303755)
2026-08-14 14:04:23,747 ERROR aiogram.dispatcher: Failed to fetch updates - TelegramNetworkError: HTTP Client says - ClientConnectorDNSError: Cannot connect to host api.telegram.org:443 ssl:default [getaddrinfo failed]
2026-08-14 14:04:23,747 WARNING aiogram.dispatcher: Sleep for 4.862778 seconds and try again... (tryings = 102, bot id = 8940303755)
2026-08-14 14:04:28,613 ERROR aiogram.dispatcher: Failed to fetch updates - TelegramNetworkError: HTTP Client says - ClientConnectorDNSError: Cannot connect to host api.telegram.org:443 ssl:default [getaddrinfo failed]
2026-08-14 14:04:28,613 WARNING aiogram.dispatcher: Sleep for 5.027091 seconds and try again... (tryings = 103, bot id = 8940303755)
2026-08-14 14:04:33,644 ERROR aiogram.dispatcher: Failed to fetch updates - TelegramNetworkError: HTTP Client says - ClientConnectorDNSError: Cannot connect to host api.telegram.org:443 ssl:default [getaddrinfo failed]
2026-08-14 14:04:33,644 WARNING aiogram.dispatcher: Sleep for 4.831942 seconds and try again... (tryings = 104, bot id = 8940303755)
2026-08-14 14:04:38,481 ERROR aiogram.dispatcher: Failed to fetch updates - TelegramNetworkError: HTTP Client says - ClientConnectorDNSError: Cannot connect to host api.telegram.org:443 ssl:default [getaddrinfo failed]
2026-08-14 14:04:38,481 WARNING aiogram.dispatcher: Sleep for 5.098248 seconds and try again... (tryings = 105, bot id = 8940303755)
2026-08-14 14:04:43,608 ERROR aiogram.dispatcher: Failed to fetch updates - TelegramNetworkError: HTTP Client says - ClientConnectorDNSError: Cannot connect to host api.telegram.org:443 ssl:default [getaddrinfo failed]
2026-08-14 14:04:43,608 WARNING aiogram.dispatcher: Sleep for 4.877047 seconds and try again... (tryings = 106, bot id = 8940303755)
2026-08-14 14:04:48,500 ERROR aiogram.dispatcher: Failed to fetch updates - TelegramNetworkError: HTTP Client says - ClientConnectorDNSError: Cannot connect to host api.telegram.org:443 ssl:default [getaddrinfo failed]
2026-08-14 14:04:48,500 WARNING aiogram.dispatcher: Sleep for 5.039919 seconds and try again... (tryings = 107, bot id = 8940303755)
2026-08-14 14:04:53,547 ERROR aiogram.dispatcher: Failed to fetch updates - TelegramNetworkError: HTTP Client says - ClientConnectorDNSError: Cannot connect to host api.telegram.org:443 ssl:default [getaddrinfo failed]
2026-08-14 14:04:53,547 WARNING aiogram.dispatcher: Sleep for 4.994520 seconds and try again... (tryings = 108, bot id = 8940303755)
2026-08-14 14:04:58,546 ERROR aiogram.dispatcher: Failed to fetch updates - TelegramNetworkError: HTTP Client says - ClientConnectorDNSError: Cannot connect to host api.telegram.org:443 ssl:default [getaddrinfo failed]
2026-08-14 14:04:58,546 WARNING aiogram.dispatcher: Sleep for 4.954248 seconds and try again... (tryings = 109, bot id = 8940303755)
2026-08-14 14:05:03,515 ERROR aiogram.dispatcher: Failed to fetch updates - TelegramNetworkError: HTTP Client says - ClientConnectorDNSError: Cannot connect to host api.telegram.org:443 ssl:default [getaddrinfo failed]
2026-08-14 14:05:03,515 WARNING aiogram.dispatcher: Sleep for 4.960603 seconds and try again... (tryings = 110, bot id = 8940303755)
2026-08-14 14:05:08,482 ERROR aiogram.dispatcher: Failed to fetch updates - TelegramNetworkError: HTTP Client says - ClientConnectorDNSError: Cannot connect to host api.telegram.org:443 ssl:default [getaddrinfo failed]
2026-08-14 14:05:08,482 WARNING aiogram.dispatcher: Sleep for 4.919802 seconds and try again... (tryings = 111, bot id = 8940303755)
2026-08-14 14:05:13,435 ERROR aiogram.dispatcher: Failed to fetch updates - TelegramNetworkError: HTTP Client says - ClientConnectorDNSError: Cannot connect to host api.telegram.org:443 ssl:default [getaddrinfo failed]
2026-08-14 14:05:13,435 WARNING aiogram.dispatcher: Sleep for 4.899224 seconds and try again... (tryings = 112, bot id = 8940303755)
2026-08-14 14:05:18,351 ERROR aiogram.dispatcher: Failed to fetch updates - TelegramNetworkError: HTTP Client says - ClientConnectorDNSError: Cannot connect to host api.telegram.org:443 ssl:default [getaddrinfo failed]
2026-08-14 14:05:18,351 WARNING aiogram.dispatcher: Sleep for 4.838677 seconds and try again... (tryings = 113, bot id = 8940303755)
2026-08-14 14:05:23,203 ERROR aiogram.dispatcher: Failed to fetch updates - TelegramNetworkError: HTTP Client says - ClientConnectorDNSError: Cannot connect to host api.telegram.org:443 ssl:default [getaddrinfo failed]
2026-08-14 14:05:23,203 WARNING aiogram.dispatcher: Sleep for 4.827695 seconds and try again... (tryings = 114, bot id = 8940303755)
2026-08-14 14:05:28,040 ERROR aiogram.dispatcher: Failed to fetch updates - TelegramNetworkError: HTTP Client says - ClientConnectorDNSError: Cannot connect to host api.telegram.org:443 ssl:default [getaddrinfo failed]
2026-08-14 14:05:28,040 WARNING aiogram.dispatcher: Sleep for 4.863672 seconds and try again... (tryings = 115, bot id = 8940303755)
2026-08-14 14:05:32,905 ERROR aiogram.dispatcher: Failed to fetch updates - TelegramNetworkError: HTTP Client says - ClientConnectorDNSError: Cannot connect to host api.telegram.org:443 ssl:default [getaddrinfo failed]
2026-08-14 14:05:32,905 WARNING aiogram.dispatcher: Sleep for 5.057799 seconds and try again... (tryings = 116, bot id = 8940303755)
2026-08-14 14:05:37,969 ERROR aiogram.dispatcher: Failed to fetch updates - TelegramNetworkError: HTTP Client says - ClientConnectorDNSError: Cannot connect to host api.telegram.org:443 ssl:default [getaddrinfo failed]
2026-08-14 14:05:37,969 WARNING aiogram.dispatcher: Sleep for 4.888833 seconds and try again... (tryings = 117, bot id = 8940303755)
2026-08-14 14:05:42,863 ERROR aiogram.dispatcher: Failed to fetch updates - TelegramNetworkError: HTTP Client says - ClientConnectorDNSError: Cannot connect to host api.telegram.org:443 ssl:default [getaddrinfo failed]
2026-08-14 14:05:42,863 WARNING aiogram.dispatcher: Sleep for 5.115382 seconds and try again... (tryings = 118, bot id = 8940303755)
2026-08-14 14:05:47,980 ERROR aiogram.dispatcher: Failed to fetch updates - TelegramNetworkError: HTTP Client says - ClientConnectorDNSError: Cannot connect to host api.telegram.org:443 ssl:default [getaddrinfo failed]
2026-08-14 14:05:47,980 WARNING aiogram.dispatcher: Sleep for 4.899879 seconds and try again... (tryings = 119, bot id = 8940303755)
2026-08-14 14:05:52,881 ERROR aiogram.dispatcher: Failed to fetch updates - TelegramNetworkError: HTTP Client says - ClientConnectorDNSError: Cannot connect to host api.telegram.org:443 ssl:default [getaddrinfo failed]
2026-08-14 14:05:52,881 WARNING aiogram.dispatcher: Sleep for 4.938628 seconds and try again... (tryings = 120, bot id = 8940303755)
2026-08-14 14:05:57,827 ERROR aiogram.dispatcher: Failed to fetch updates - TelegramNetworkError: HTTP Client says - ClientConnectorDNSError: Cannot connect to host api.telegram.org:443 ssl:default [getaddrinfo failed]
2026-08-14 14:05:57,827 WARNING aiogram.dispatcher: Sleep for 5.135169 seconds and try again... (tryings = 121, bot id = 8940303755)
2026-08-14 14:06:02,971 ERROR aiogram.dispatcher: Failed to fetch updates - TelegramNetworkError: HTTP Client says - ClientConnectorDNSError: Cannot connect to host api.telegram.org:443 ssl:default [getaddrinfo failed]
2026-08-14 14:06:02,971 WARNING aiogram.dispatcher: Sleep for 5.133163 seconds and try again... (tryings = 122, bot id = 8940303755)
2026-08-14 14:06:08,109 ERROR aiogram.dispatcher: Failed to fetch updates - TelegramNetworkError: HTTP Client says - ClientConnectorDNSError: Cannot connect to host api.telegram.org:443 ssl:default [getaddrinfo failed]
2026-08-14 14:06:08,109 WARNING aiogram.dispatcher: Sleep for 4.949756 seconds and try again... (tryings = 123, bot id = 8940303755)
2026-08-14 14:06:13,069 ERROR aiogram.dispatcher: Failed to fetch updates - TelegramNetworkError: HTTP Client says - ClientConnectorDNSError: Cannot connect to host api.telegram.org:443 ssl:default [getaddrinfo failed]
2026-08-14 14:06:13,069 WARNING aiogram.dispatcher: Sleep for 4.969706 seconds and try again... (tryings = 124, bot id = 8940303755)
2026-08-14 14:06:18,048 ERROR aiogram.dispatcher: Failed to fetch updates - TelegramNetworkError: HTTP Client says - ClientConnectorDNSError: Cannot connect to host api.telegram.org:443 ssl:default [getaddrinfo failed]
2026-08-14 14:06:18,048 WARNING aiogram.dispatcher: Sleep for 4.952404 seconds and try again... (tryings = 125, bot id = 8940303755)
2026-08-14 14:06:23,016 ERROR aiogram.dispatcher: Failed to fetch updates - TelegramNetworkError: HTTP Client says - ClientConnectorDNSError: Cannot connect to host api.telegram.org:443 ssl:default [getaddrinfo failed]
2026-08-14 14:06:23,016 WARNING aiogram.dispatcher: Sleep for 4.904760 seconds and try again... (tryings = 126, bot id = 8940303755)
2026-08-14 14:06:27,933 ERROR aiogram.dispatcher: Failed to fetch updates - TelegramNetworkError: HTTP Client says - ClientConnectorDNSError: Cannot connect to host api.telegram.org:443 ssl:default [getaddrinfo failed]
2026-08-14 14:06:27,933 WARNING aiogram.dispatcher: Sleep for 4.863532 seconds and try again... (tryings = 127, bot id = 8940303755)
2026-08-14 14:06:32,805 ERROR aiogram.dispatcher: Failed to fetch updates - TelegramNetworkError: HTTP Client says - ClientConnectorDNSError: Cannot connect to host api.telegram.org:443 ssl:default [getaddrinfo failed]
2026-08-14 14:06:32,805 WARNING aiogram.dispatcher: Sleep for 4.985887 seconds and try again... (tryings = 128, bot id = 8940303755)
2026-08-14 14:06:37,802 ERROR aiogram.dispatcher: Failed to fetch updates - TelegramNetworkError: HTTP Client says - ClientConnectorDNSError: Cannot connect to host api.telegram.org:443 ssl:default [getaddrinfo failed]
2026-08-14 14:06:37,805 WARNING aiogram.dispatcher: Sleep for 4.906730 seconds and try again... (tryings = 129, bot id = 8940303755)
2026-08-14 14:06:42,704 ERROR aiogram.dispatcher: Failed to fetch updates - TelegramNetworkError: HTTP Client says - ClientConnectorDNSError: Cannot connect to host api.telegram.org:443 ssl:default [getaddrinfo failed]
2026-08-14 14:06:42,704 WARNING aiogram.dispatcher: Sleep for 5.016778 seconds and try again... (tryings = 130, bot id = 8940303755)
2026-08-14 14:06:47,727 ERROR aiogram.dispatcher: Failed to fetch updates - TelegramNetworkError: HTTP Client says - ClientConnectorDNSError: Cannot connect to host api.telegram.org:443 ssl:default [getaddrinfo failed]
2026-08-14 14:06:47,727 WARNING aiogram.dispatcher: Sleep for 4.954511 seconds and try again... (tryings = 131, bot id = 8940303755)
2026-08-14 14:06:52,690 ERROR aiogram.dispatcher: Failed to fetch updates - TelegramNetworkError: HTTP Client says - ClientConnectorDNSError: Cannot connect to host api.telegram.org:443 ssl:default [getaddrinfo failed]
2026-08-14 14:06:52,690 WARNING aiogram.dispatcher: Sleep for 4.718002 seconds and try again... (tryings = 132, bot id = 8940303755)
2026-08-14 14:06:57,421 ERROR aiogram.dispatcher: Failed to fetch updates - TelegramNetworkError: HTTP Client says - ClientConnectorDNSError: Cannot connect to host api.telegram.org:443 ssl:default [getaddrinfo failed]
2026-08-14 14:06:57,421 WARNING aiogram.dispatcher: Sleep for 5.073018 seconds and try again... (tryings = 133, bot id = 8940303755)
2026-08-14 14:07:02,502 ERROR aiogram.dispatcher: Failed to fetch updates - TelegramNetworkError: HTTP Client says - ClientConnectorDNSError: Cannot connect to host api.telegram.org:443 ssl:default [getaddrinfo failed]
2026-08-14 14:07:02,502 WARNING aiogram.dispatcher: Sleep for 5.128156 seconds and try again... (tryings = 134, bot id = 8940303755)
2026-08-14 14:07:07,634 ERROR aiogram.dispatcher: Failed to fetch updates - TelegramNetworkError: HTTP Client says - ClientConnectorDNSError: Cannot connect to host api.telegram.org:443 ssl:default [getaddrinfo failed]
2026-08-14 14:07:07,634 WARNING aiogram.dispatcher: Sleep for 4.947941 seconds and try again... (tryings = 135, bot id = 8940303755)
2026-08-14 14:07:12,583 ERROR aiogram.dispatcher: Failed to fetch updates - TelegramNetworkError: HTTP Client says - ClientConnectorDNSError: Cannot connect to host api.telegram.org:443 ssl:default [getaddrinfo failed]
2026-08-14 14:07:12,583 WARNING aiogram.dispatcher: Sleep for 4.949076 seconds and try again... (tryings = 136, bot id = 8940303755)
2026-08-14 14:07:17,537 ERROR aiogram.dispatcher: Failed to fetch updates - TelegramNetworkError: HTTP Client says - ClientConnectorDNSError: Cannot connect to host api.telegram.org:443 ssl:default [getaddrinfo failed]
2026-08-14 14:07:17,537 WARNING aiogram.dispatcher: Sleep for 5.022946 seconds and try again... (tryings = 137, bot id = 8940303755)
2026-08-14 14:07:22,568 ERROR aiogram.dispatcher: Failed to fetch updates - TelegramNetworkError: HTTP Client says - ClientConnectorDNSError: Cannot connect to host api.telegram.org:443 ssl:default [getaddrinfo failed]
2026-08-14 14:07:22,568 WARNING aiogram.dispatcher: Sleep for 4.982795 seconds and try again... (tryings = 138, bot id = 8940303755)
2026-08-14 14:07:27,566 ERROR aiogram.dispatcher: Failed to fetch updates - TelegramNetworkError: HTTP Client says - ClientConnectorDNSError: Cannot connect to host api.telegram.org:443 ssl:default [getaddrinfo failed]
2026-08-14 14:07:27,566 WARNING aiogram.dispatcher: Sleep for 5.051236 seconds and try again... (tryings = 139, bot id = 8940303755)
2026-08-14 14:07:32,633 ERROR aiogram.dispatcher: Failed to fetch updates - TelegramNetworkError: HTTP Client says - ClientConnectorDNSError: Cannot connect to host api.telegram.org:443 ssl:default [getaddrinfo failed]
2026-08-14 14:07:32,633 WARNING aiogram.dispatcher: Sleep for 5.005217 seconds and try again... (tryings = 140, bot id = 8940303755)
2026-08-14 14:07:37,652 ERROR aiogram.dispatcher: Failed to fetch updates - TelegramNetworkError: HTTP Client says - ClientConnectorDNSError: Cannot connect to host api.telegram.org:443 ssl:default [getaddrinfo failed]
2026-08-14 14:07:37,652 WARNING aiogram.dispatcher: Sleep for 5.046744 seconds and try again... (tryings = 141, bot id = 8940303755)
2026-08-14 14:07:42,711 ERROR aiogram.dispatcher: Failed to fetch updates - TelegramNetworkError: HTTP Client says - ClientConnectorDNSError: Cannot connect to host api.telegram.org:443 ssl:default [getaddrinfo failed]
2026-08-14 14:07:42,711 WARNING aiogram.dispatcher: Sleep for 4.906000 seconds and try again... (tryings = 142, bot id = 8940303755)
2026-08-14 14:07:47,632 ERROR aiogram.dispatcher: Failed to fetch updates - TelegramNetworkError: HTTP Client says - ClientConnectorDNSError: Cannot connect to host api.telegram.org:443 ssl:default [getaddrinfo failed]
2026-08-14 14:07:47,632 WARNING aiogram.dispatcher: Sleep for 5.102714 seconds and try again... (tryings = 143, bot id = 8940303755)
2026-08-14 14:07:52,736 ERROR aiogram.dispatcher: Failed to fetch updates - TelegramNetworkError: HTTP Client says - ClientConnectorDNSError: Cannot connect to host api.telegram.org:443 ssl:default [getaddrinfo failed]
2026-08-14 14:07:52,736 WARNING aiogram.dispatcher: Sleep for 5.052867 seconds and try again... (tryings = 144, bot id = 8940303755)
2026-08-14 14:07:57,798 ERROR aiogram.dispatcher: Failed to fetch updates - TelegramNetworkError: HTTP Client says - ClientConnectorDNSError: Cannot connect to host api.telegram.org:443 ssl:default [getaddrinfo failed]
2026-08-14 14:07:57,798 WARNING aiogram.dispatcher: Sleep for 5.048456 seconds and try again... (tryings = 145, bot id = 8940303755)
2026-08-14 14:08:02,850 ERROR aiogram.dispatcher: Failed to fetch updates - TelegramNetworkError: HTTP Client says - ClientConnectorDNSError: Cannot connect to host api.telegram.org:443 ssl:default [getaddrinfo failed]
2026-08-14 14:08:02,850 WARNING aiogram.dispatcher: Sleep for 4.950401 seconds and try again... (tryings = 146, bot id = 8940303755)
2026-08-14 14:08:07,809 ERROR aiogram.dispatcher: Failed to fetch updates - TelegramNetworkError: HTTP Client says - ClientConnectorDNSError: Cannot connect to host api.telegram.org:443 ssl:default [getaddrinfo failed]
2026-08-14 14:08:07,809 WARNING aiogram.dispatcher: Sleep for 5.147042 seconds and try again... (tryings = 147, bot id = 8940303755)
2026-08-14 14:08:12,961 ERROR aiogram.dispatcher: Failed to fetch updates - TelegramNetworkError: HTTP Client says - ClientConnectorDNSError: Cannot connect to host api.telegram.org:443 ssl:default [getaddrinfo failed]
2026-08-14 14:08:12,961 WARNING aiogram.dispatcher: Sleep for 4.880902 seconds and try again... (tryings = 148, bot id = 8940303755)
2026-08-14 14:08:17,846 ERROR aiogram.dispatcher: Failed to fetch updates - TelegramNetworkError: HTTP Client says - ClientConnectorDNSError: Cannot connect to host api.telegram.org:443 ssl:default [getaddrinfo failed]
2026-08-14 14:08:17,846 WARNING aiogram.dispatcher: Sleep for 4.941842 seconds and try again... (tryings = 149, bot id = 8940303755)
2026-08-14 14:08:22,796 ERROR aiogram.dispatcher: Failed to fetch updates - TelegramNetworkError: HTTP Client says - ClientConnectorDNSError: Cannot connect to host api.telegram.org:443 ssl:default [getaddrinfo failed]
2026-08-14 14:08:22,796 WARNING aiogram.dispatcher: Sleep for 5.120454 seconds and try again... (tryings = 150, bot id = 8940303755)
2026-08-14 14:08:27,935 ERROR aiogram.dispatcher: Failed to fetch updates - TelegramNetworkError: HTTP Client says - ClientConnectorDNSError: Cannot connect to host api.telegram.org:443 ssl:default [getaddrinfo failed]
2026-08-14 14:08:27,935 WARNING aiogram.dispatcher: Sleep for 4.918418 seconds and try again... (tryings = 151, bot id = 8940303755)
2026-08-14 14:08:32,869 ERROR aiogram.dispatcher: Failed to fetch updates - TelegramNetworkError: HTTP Client says - ClientConnectorDNSError: Cannot connect to host api.telegram.org:443 ssl:default [getaddrinfo failed]
2026-08-14 14:08:32,869 WARNING aiogram.dispatcher: Sleep for 5.105583 seconds and try again... (tryings = 152, bot id = 8940303755)
2026-08-14 14:08:37,983 ERROR aiogram.dispatcher: Failed to fetch updates - TelegramNetworkError: HTTP Client says - ClientConnectorDNSError: Cannot connect to host api.telegram.org:443 ssl:default [getaddrinfo failed]
2026-08-14 14:08:37,983 WARNING aiogram.dispatcher: Sleep for 4.834206 seconds and try again... (tryings = 153, bot id = 8940303755)
2026-08-14 14:08:42,838 ERROR aiogram.dispatcher: Failed to fetch updates - TelegramNetworkError: HTTP Client says - ClientConnectorDNSError: Cannot connect to host api.telegram.org:443 ssl:default [getaddrinfo failed]
2026-08-14 14:08:42,838 WARNING aiogram.dispatcher: Sleep for 4.926000 seconds and try again... (tryings = 154, bot id = 8940303755)
2026-08-14 14:08:47,768 ERROR aiogram.dispatcher: Failed to fetch updates - TelegramNetworkError: HTTP Client says - ClientConnectorDNSError: Cannot connect to host api.telegram.org:443 ssl:default [getaddrinfo failed]
2026-08-14 14:08:47,768 WARNING aiogram.dispatcher: Sleep for 5.004337 seconds and try again... (tryings = 155, bot id = 8940303755)
2026-08-14 14:08:52,780 ERROR aiogram.dispatcher: Failed to fetch updates - TelegramNetworkError: HTTP Client says - ClientConnectorDNSError: Cannot connect to host api.telegram.org:443 ssl:default [getaddrinfo failed]
2026-08-14 14:08:52,780 WARNING aiogram.dispatcher: Sleep for 4.984266 seconds and try again... (tryings = 156, bot id = 8940303755)
2026-08-14 14:08:57,780 ERROR aiogram.dispatcher: Failed to fetch updates - TelegramNetworkError: HTTP Client says - ClientConnectorDNSError: Cannot connect to host api.telegram.org:443 ssl:default [getaddrinfo failed]
2026-08-14 14:08:57,780 WARNING aiogram.dispatcher: Sleep for 4.871300 seconds and try again... (tryings = 157, bot id = 8940303755)
2026-08-14 14:09:02,667 ERROR aiogram.dispatcher: Failed to fetch updates - TelegramNetworkError: HTTP Client says - ClientConnectorDNSError: Cannot connect to host api.telegram.org:443 ssl:default [getaddrinfo failed]
2026-08-14 14:09:02,667 WARNING aiogram.dispatcher: Sleep for 4.890037 seconds and try again... (tryings = 158, bot id = 8940303755)
2026-08-14 14:09:07,566 ERROR aiogram.dispatcher: Failed to fetch updates - TelegramNetworkError: HTTP Client says - ClientConnectorDNSError: Cannot connect to host api.telegram.org:443 ssl:default [getaddrinfo failed]
2026-08-14 14:09:07,566 WARNING aiogram.dispatcher: Sleep for 5.069043 seconds and try again... (tryings = 159, bot id = 8940303755)
2026-08-14 14:09:12,644 ERROR aiogram.dispatcher: Failed to fetch updates - TelegramNetworkError: HTTP Client says - ClientConnectorDNSError: Cannot connect to host api.telegram.org:443 ssl:default [getaddrinfo failed]
2026-08-14 14:09:12,644 WARNING aiogram.dispatcher: Sleep for 4.932302 seconds and try again... (tryings = 160, bot id = 8940303755)
2026-08-14 14:09:17,592 ERROR aiogram.dispatcher: Failed to fetch updates - TelegramNetworkError: HTTP Client says - ClientConnectorDNSError: Cannot connect to host api.telegram.org:443 ssl:default [getaddrinfo failed]
2026-08-14 14:09:17,592 WARNING aiogram.dispatcher: Sleep for 4.957635 seconds and try again... (tryings = 161, bot id = 8940303755)
2026-08-14 14:09:22,559 ERROR aiogram.dispatcher: Failed to fetch updates - TelegramNetworkError: HTTP Client says - ClientConnectorDNSError: Cannot connect to host api.telegram.org:443 ssl:default [getaddrinfo failed]
2026-08-14 14:09:22,559 WARNING aiogram.dispatcher: Sleep for 5.069544 seconds and try again... (tryings = 162, bot id = 8940303755)
2026-08-14 14:09:27,638 ERROR aiogram.dispatcher: Failed to fetch updates - TelegramNetworkError: HTTP Client says - ClientConnectorDNSError: Cannot connect to host api.telegram.org:443 ssl:default [getaddrinfo failed]
2026-08-14 14:09:27,638 WARNING aiogram.dispatcher: Sleep for 5.021495 seconds and try again... (tryings = 163, bot id = 8940303755)
2026-08-14 14:09:32,665 ERROR aiogram.dispatcher: Failed to fetch updates - TelegramNetworkError: HTTP Client says - ClientConnectorDNSError: Cannot connect to host api.telegram.org:443 ssl:default [getaddrinfo failed]
2026-08-14 14:09:32,665 WARNING aiogram.dispatcher: Sleep for 4.798820 seconds and try again... (tryings = 164, bot id = 8940303755)
2026-08-14 14:09:37,468 ERROR aiogram.dispatcher: Failed to fetch updates - TelegramNetworkError: HTTP Client says - ClientConnectorDNSError: Cannot connect to host api.telegram.org:443 ssl:default [getaddrinfo failed]
2026-08-14 14:09:37,468 WARNING aiogram.dispatcher: Sleep for 4.999745 seconds and try again... (tryings = 165, bot id = 8940303755)
2026-08-14 14:09:42,485 ERROR aiogram.dispatcher: Failed to fetch updates - TelegramNetworkError: HTTP Client says - ClientConnectorDNSError: Cannot connect to host api.telegram.org:443 ssl:default [getaddrinfo failed]
2026-08-14 14:09:42,485 WARNING aiogram.dispatcher: Sleep for 4.998664 seconds and try again... (tryings = 166, bot id = 8940303755)
2026-08-14 14:09:47,499 ERROR aiogram.dispatcher: Failed to fetch updates - TelegramNetworkError: HTTP Client says - ClientConnectorDNSError: Cannot connect to host api.telegram.org:443 ssl:default [getaddrinfo failed]
2026-08-14 14:09:47,499 WARNING aiogram.dispatcher: Sleep for 4.870335 seconds and try again... (tryings = 167, bot id = 8940303755)
2026-08-14 14:09:52,386 ERROR aiogram.dispatcher: Failed to fetch updates - TelegramNetworkError: HTTP Client says - ClientConnectorDNSError: Cannot connect to host api.telegram.org:443 ssl:default [getaddrinfo failed]
2026-08-14 14:09:52,386 WARNING aiogram.dispatcher: Sleep for 5.050482 seconds and try again... (tryings = 168, bot id = 8940303755)
2026-08-14 14:09:57,432 ERROR aiogram.dispatcher: Failed to fetch updates - TelegramNetworkError: HTTP Client says - ClientConnectorDNSError: Cannot connect to host api.telegram.org:443 ssl:default [getaddrinfo failed]
2026-08-14 14:09:57,436 WARNING aiogram.dispatcher: Sleep for 5.041341 seconds and try again... (tryings = 169, bot id = 8940303755)
2026-08-14 14:10:02,493 ERROR aiogram.dispatcher: Failed to fetch updates - TelegramNetworkError: HTTP Client says - ClientConnectorDNSError: Cannot connect to host api.telegram.org:443 ssl:default [getaddrinfo failed]
2026-08-14 14:10:02,493 WARNING aiogram.dispatcher: Sleep for 5.151529 seconds and try again... (tryings = 170, bot id = 8940303755)
2026-08-14 14:10:07,649 ERROR aiogram.dispatcher: Failed to fetch updates - TelegramNetworkError: HTTP Client says - ClientConnectorDNSError: Cannot connect to host api.telegram.org:443 ssl:default [getaddrinfo failed]
2026-08-14 14:10:07,649 WARNING aiogram.dispatcher: Sleep for 5.156281 seconds and try again... (tryings = 171, bot id = 8940303755)
2026-08-14 14:10:12,837 ERROR aiogram.dispatcher: Failed to fetch updates - TelegramNetworkError: HTTP Client says - ClientConnectorDNSError: Cannot connect to host api.telegram.org:443 ssl:default [getaddrinfo failed]
2026-08-14 14:10:12,837 WARNING aiogram.dispatcher: Sleep for 4.887603 seconds and try again... (tryings = 172, bot id = 8940303755)
2026-08-14 14:10:17,728 ERROR aiogram.dispatcher: Failed to fetch updates - TelegramNetworkError: HTTP Client says - ClientConnectorDNSError: Cannot connect to host api.telegram.org:443 ssl:default [getaddrinfo failed]
2026-08-14 14:10:17,728 WARNING aiogram.dispatcher: Sleep for 4.945338 seconds and try again... (tryings = 173, bot id = 8940303755)
2026-08-14 14:10:22,679 ERROR aiogram.dispatcher: Failed to fetch updates - TelegramNetworkError: HTTP Client says - ClientConnectorDNSError: Cannot connect to host api.telegram.org:443 ssl:default [getaddrinfo failed]
2026-08-14 14:10:22,679 WARNING aiogram.dispatcher: Sleep for 5.054580 seconds and try again... (tryings = 174, bot id = 8940303755)
2026-08-14 14:10:27,741 ERROR aiogram.dispatcher: Failed to fetch updates - TelegramNetworkError: HTTP Client says - ClientConnectorDNSError: Cannot connect to host api.telegram.org:443 ssl:default [getaddrinfo failed]
2026-08-14 14:10:27,741 WARNING aiogram.dispatcher: Sleep for 5.045255 seconds and try again... (tryings = 175, bot id = 8940303755)
2026-08-14 14:10:32,788 ERROR aiogram.dispatcher: Failed to fetch updates - TelegramNetworkError: HTTP Client says - ClientConnectorDNSError: Cannot connect to host api.telegram.org:443 ssl:default [getaddrinfo failed]
2026-08-14 14:10:32,788 WARNING aiogram.dispatcher: Sleep for 5.023373 seconds and try again... (tryings = 176, bot id = 8940303755)
2026-08-14 14:10:37,814 ERROR aiogram.dispatcher: Failed to fetch updates - TelegramNetworkError: HTTP Client says - ClientConnectorDNSError: Cannot connect to host api.telegram.org:443 ssl:default [getaddrinfo failed]
2026-08-14 14:10:37,814 WARNING aiogram.dispatcher: Sleep for 5.138890 seconds and try again... (tryings = 177, bot id = 8940303755)
2026-08-14 14:10:42,967 ERROR aiogram.dispatcher: Failed to fetch updates - TelegramNetworkError: HTTP Client says - ClientConnectorDNSError: Cannot connect to host api.telegram.org:443 ssl:default [getaddrinfo failed]
2026-08-14 14:10:42,967 WARNING aiogram.dispatcher: Sleep for 4.898146 seconds and try again... (tryings = 178, bot id = 8940303755)
2026-08-14 14:10:47,871 ERROR aiogram.dispatcher: Failed to fetch updates - TelegramNetworkError: HTTP Client says - ClientConnectorDNSError: Cannot connect to host api.telegram.org:443 ssl:default [getaddrinfo failed]
2026-08-14 14:10:47,871 WARNING aiogram.dispatcher: Sleep for 4.978161 seconds and try again... (tryings = 179, bot id = 8940303755)
2026-08-14 14:10:52,855 ERROR aiogram.dispatcher: Failed to fetch updates - TelegramNetworkError: HTTP Client says - ClientConnectorDNSError: Cannot connect to host api.telegram.org:443 ssl:default [getaddrinfo failed]
2026-08-14 14:10:52,855 WARNING aiogram.dispatcher: Sleep for 5.236080 seconds and try again... (tryings = 180, bot id = 8940303755)
2026-08-14 14:10:58,105 ERROR aiogram.dispatcher: Failed to fetch updates - TelegramNetworkError: HTTP Client says - ClientConnectorDNSError: Cannot connect to host api.telegram.org:443 ssl:default [getaddrinfo failed]
2026-08-14 14:10:58,105 WARNING aiogram.dispatcher: Sleep for 4.986868 seconds and try again... (tryings = 181, bot id = 8940303755)
2026-08-14 14:11:03,096 ERROR aiogram.dispatcher: Failed to fetch updates - TelegramNetworkError: HTTP Client says - ClientConnectorDNSError: Cannot connect to host api.telegram.org:443 ssl:default [getaddrinfo failed]
2026-08-14 14:11:03,096 WARNING aiogram.dispatcher: Sleep for 4.965141 seconds and try again... (tryings = 182, bot id = 8940303755)
2026-08-14 14:11:08,062 ERROR aiogram.dispatcher: Failed to fetch updates - TelegramNetworkError: HTTP Client says - ClientConnectorDNSError: Cannot connect to host api.telegram.org:443 ssl:default [getaddrinfo failed]
2026-08-14 14:11:08,062 WARNING aiogram.dispatcher: Sleep for 4.949272 seconds and try again... (tryings = 183, bot id = 8940303755)
2026-08-14 14:11:13,038 ERROR aiogram.dispatcher: Failed to fetch updates - TelegramNetworkError: HTTP Client says - ClientConnectorDNSError: Cannot connect to host api.telegram.org:443 ssl:default [getaddrinfo failed]
2026-08-14 14:11:13,038 WARNING aiogram.dispatcher: Sleep for 5.078834 seconds and try again... (tryings = 184, bot id = 8940303755)
2026-08-14 14:11:18,133 ERROR aiogram.dispatcher: Failed to fetch updates - TelegramNetworkError: HTTP Client says - ClientConnectorDNSError: Cannot connect to host api.telegram.org:443 ssl:default [getaddrinfo failed]
2026-08-14 14:11:18,133 WARNING aiogram.dispatcher: Sleep for 5.036241 seconds and try again... (tryings = 185, bot id = 8940303755)
2026-08-14 14:11:23,176 ERROR aiogram.dispatcher: Failed to fetch updates - TelegramNetworkError: HTTP Client says - ClientConnectorDNSError: Cannot connect to host api.telegram.org:443 ssl:default [getaddrinfo failed]
2026-08-14 14:11:23,176 WARNING aiogram.dispatcher: Sleep for 5.088985 seconds and try again... (tryings = 186, bot id = 8940303755)
2026-08-14 14:11:28,276 ERROR aiogram.dispatcher: Failed to fetch updates - TelegramNetworkError: HTTP Client says - ClientConnectorDNSError: Cannot connect to host api.telegram.org:443 ssl:default [getaddrinfo failed]
2026-08-14 14:11:28,279 WARNING aiogram.dispatcher: Sleep for 4.929021 seconds and try again... (tryings = 187, bot id = 8940303755)
2026-08-14 14:11:33,215 ERROR aiogram.dispatcher: Failed to fetch updates - TelegramNetworkError: HTTP Client says - ClientConnectorDNSError: Cannot connect to host api.telegram.org:443 ssl:default [getaddrinfo failed]
2026-08-14 14:11:33,215 WARNING aiogram.dispatcher: Sleep for 5.004925 seconds and try again... (tryings = 188, bot id = 8940303755)
2026-08-14 14:11:38,227 ERROR aiogram.dispatcher: Failed to fetch updates - TelegramNetworkError: HTTP Client says - ClientConnectorDNSError: Cannot connect to host api.telegram.org:443 ssl:default [getaddrinfo failed]
2026-08-14 14:11:38,227 WARNING aiogram.dispatcher: Sleep for 4.925981 seconds and try again... (tryings = 189, bot id = 8940303755)
2026-08-14 14:11:43,163 ERROR aiogram.dispatcher: Failed to fetch updates - TelegramNetworkError: HTTP Client says - ClientConnectorDNSError: Cannot connect to host api.telegram.org:443 ssl:default [getaddrinfo failed]
2026-08-14 14:11:43,163 WARNING aiogram.dispatcher: Sleep for 4.895750 seconds and try again... (tryings = 190, bot id = 8940303755)
2026-08-14 14:11:48,068 ERROR aiogram.dispatcher: Failed to fetch updates - TelegramNetworkError: HTTP Client says - ClientConnectorDNSError: Cannot connect to host api.telegram.org:443 ssl:default [getaddrinfo failed]
2026-08-14 14:11:48,068 WARNING aiogram.dispatcher: Sleep for 5.087996 seconds and try again... (tryings = 191, bot id = 8940303755)
2026-08-14 14:11:53,171 ERROR aiogram.dispatcher: Failed to fetch updates - TelegramNetworkError: HTTP Client says - ClientConnectorDNSError: Cannot connect to host api.telegram.org:443 ssl:default [getaddrinfo failed]
2026-08-14 14:11:53,171 WARNING aiogram.dispatcher: Sleep for 4.976566 seconds and try again... (tryings = 192, bot id = 8940303755)
2026-08-14 14:11:58,153 ERROR aiogram.dispatcher: Failed to fetch updates - TelegramNetworkError: HTTP Client says - ClientConnectorDNSError: Cannot connect to host api.telegram.org:443 ssl:default [getaddrinfo failed]
2026-08-14 14:11:58,153 WARNING aiogram.dispatcher: Sleep for 5.005659 seconds and try again... (tryings = 193, bot id = 8940303755)
2026-08-14 14:12:03,171 ERROR aiogram.dispatcher: Failed to fetch updates - TelegramNetworkError: HTTP Client says - ClientConnectorDNSError: Cannot connect to host api.telegram.org:443 ssl:default [getaddrinfo failed]
2026-08-14 14:12:03,171 WARNING aiogram.dispatcher: Sleep for 4.999726 seconds and try again... (tryings = 194, bot id = 8940303755)
2026-08-14 14:12:08,187 ERROR aiogram.dispatcher: Failed to fetch updates - TelegramNetworkError: HTTP Client says - ClientConnectorDNSError: Cannot connect to host api.telegram.org:443 ssl:default [getaddrinfo failed]
2026-08-14 14:12:08,187 WARNING aiogram.dispatcher: Sleep for 5.147039 seconds and try again... (tryings = 195, bot id = 8940303755)
2026-08-14 14:12:13,347 ERROR aiogram.dispatcher: Failed to fetch updates - TelegramNetworkError: HTTP Client says - ClientConnectorDNSError: Cannot connect to host api.telegram.org:443 ssl:default [getaddrinfo failed]
2026-08-14 14:12:13,347 WARNING aiogram.dispatcher: Sleep for 5.121264 seconds and try again... (tryings = 196, bot id = 8940303755)
2026-08-14 14:12:18,474 ERROR aiogram.dispatcher: Failed to fetch updates - TelegramNetworkError: HTTP Client says - ClientConnectorDNSError: Cannot connect to host api.telegram.org:443 ssl:default [getaddrinfo failed]
2026-08-14 14:12:18,474 WARNING aiogram.dispatcher: Sleep for 4.836511 seconds and try again... (tryings = 197, bot id = 8940303755)
2026-08-14 14:12:23,322 ERROR aiogram.dispatcher: Failed to fetch updates - TelegramNetworkError: HTTP Client says - ClientConnectorDNSError: Cannot connect to host api.telegram.org:443 ssl:default [getaddrinfo failed]
2026-08-14 14:12:23,322 WARNING aiogram.dispatcher: Sleep for 4.905916 seconds and try again... (tryings = 198, bot id = 8940303755)
2026-08-14 14:12:28,240 ERROR aiogram.dispatcher: Failed to fetch updates - TelegramNetworkError: HTTP Client says - ClientConnectorDNSError: Cannot connect to host api.telegram.org:443 ssl:default [getaddrinfo failed]
2026-08-14 14:12:28,240 WARNING aiogram.dispatcher: Sleep for 4.842324 seconds and try again... (tryings = 199, bot id = 8940303755)
2026-08-14 14:12:33,096 ERROR aiogram.dispatcher: Failed to fetch updates - TelegramNetworkError: HTTP Client says - ClientConnectorDNSError: Cannot connect to host api.telegram.org:443 ssl:default [getaddrinfo failed]
2026-08-14 14:12:33,096 WARNING aiogram.dispatcher: Sleep for 5.138787 seconds and try again... (tryings = 200, bot id = 8940303755)
2026-08-14 14:12:38,239 ERROR aiogram.dispatcher: Failed to fetch updates - TelegramNetworkError: HTTP Client says - ClientConnectorDNSError: Cannot connect to host api.telegram.org:443 ssl:default [getaddrinfo failed]
2026-08-14 14:12:38,239 WARNING aiogram.dispatcher: Sleep for 4.952351 seconds and try again... (tryings = 201, bot id = 8940303755)
2026-08-14 14:12:43,204 ERROR aiogram.dispatcher: Failed to fetch updates - TelegramNetworkError: HTTP Client says - ClientConnectorDNSError: Cannot connect to host api.telegram.org:443 ssl:default [getaddrinfo failed]
2026-08-14 14:12:43,204 WARNING aiogram.dispatcher: Sleep for 5.130293 seconds and try again... (tryings = 202, bot id = 8940303755)
2026-08-14 14:12:48,338 ERROR aiogram.dispatcher: Failed to fetch updates - TelegramNetworkError: HTTP Client says - ClientConnectorDNSError: Cannot connect to host api.telegram.org:443 ssl:default [getaddrinfo failed]
2026-08-14 14:12:48,338 WARNING aiogram.dispatcher: Sleep for 4.915684 seconds and try again... (tryings = 203, bot id = 8940303755)
2026-08-14 14:12:53,266 ERROR aiogram.dispatcher: Failed to fetch updates - TelegramNetworkError: HTTP Client says - ClientConnectorDNSError: Cannot connect to host api.telegram.org:443 ssl:default [getaddrinfo failed]
2026-08-14 14:12:53,266 WARNING aiogram.dispatcher: Sleep for 4.965119 seconds and try again... (tryings = 204, bot id = 8940303755)
2026-08-14 14:12:58,234 ERROR aiogram.dispatcher: Failed to fetch updates - TelegramNetworkError: HTTP Client says - ClientConnectorDNSError: Cannot connect to host api.telegram.org:443 ssl:default [getaddrinfo failed]
2026-08-14 14:12:58,234 WARNING aiogram.dispatcher: Sleep for 4.840093 seconds and try again... (tryings = 205, bot id = 8940303755)
2026-08-14 14:13:03,082 ERROR aiogram.dispatcher: Failed to fetch updates - TelegramNetworkError: HTTP Client says - ClientConnectorDNSError: Cannot connect to host api.telegram.org:443 ssl:default [getaddrinfo failed]
2026-08-14 14:13:03,082 WARNING aiogram.dispatcher: Sleep for 5.375011 seconds and try again... (tryings = 206, bot id = 8940303755)
2026-08-14 14:13:08,467 ERROR aiogram.dispatcher: Failed to fetch updates - TelegramNetworkError: HTTP Client says - ClientConnectorDNSError: Cannot connect to host api.telegram.org:443 ssl:default [getaddrinfo failed]
2026-08-14 14:13:08,467 WARNING aiogram.dispatcher: Sleep for 5.136324 seconds and try again... (tryings = 207, bot id = 8940303755)
2026-08-14 14:13:13,619 ERROR aiogram.dispatcher: Failed to fetch updates - TelegramNetworkError: HTTP Client says - ClientConnectorDNSError: Cannot connect to host api.telegram.org:443 ssl:default [getaddrinfo failed]
2026-08-14 14:13:13,619 WARNING aiogram.dispatcher: Sleep for 4.861224 seconds and try again... (tryings = 208, bot id = 8940303755)
2026-08-14 14:13:18,488 ERROR aiogram.dispatcher: Failed to fetch updates - TelegramNetworkError: HTTP Client says - ClientConnectorDNSError: Cannot connect to host api.telegram.org:443 ssl:default [getaddrinfo failed]
2026-08-14 14:13:18,488 WARNING aiogram.dispatcher: Sleep for 5.022709 seconds and try again... (tryings = 209, bot id = 8940303755)
2026-08-14 14:13:23,513 ERROR aiogram.dispatcher: Failed to fetch updates - TelegramNetworkError: HTTP Client says - ClientConnectorDNSError: Cannot connect to host api.telegram.org:443 ssl:default [getaddrinfo failed]
2026-08-14 14:13:23,513 WARNING aiogram.dispatcher: Sleep for 5.030138 seconds and try again... (tryings = 210, bot id = 8940303755)
2026-08-14 14:13:28,564 ERROR aiogram.dispatcher: Failed to fetch updates - TelegramNetworkError: HTTP Client says - ClientConnectorDNSError: Cannot connect to host api.telegram.org:443 ssl:default [getaddrinfo failed]
2026-08-14 14:13:28,564 WARNING aiogram.dispatcher: Sleep for 5.157152 seconds and try again... (tryings = 211, bot id = 8940303755)
2026-08-14 14:13:33,728 ERROR aiogram.dispatcher: Failed to fetch updates - TelegramNetworkError: HTTP Client says - ClientConnectorDNSError: Cannot connect to host api.telegram.org:443 ssl:default [getaddrinfo failed]
2026-08-14 14:13:33,728 WARNING aiogram.dispatcher: Sleep for 4.896343 seconds and try again... (tryings = 212, bot id = 8940303755)
2026-08-14 14:13:38,633 ERROR aiogram.dispatcher: Failed to fetch updates - TelegramNetworkError: HTTP Client says - ClientConnectorDNSError: Cannot connect to host api.telegram.org:443 ssl:default [getaddrinfo failed]
2026-08-14 14:13:38,633 WARNING aiogram.dispatcher: Sleep for 5.114083 seconds and try again... (tryings = 213, bot id = 8940303755)
2026-08-14 14:13:43,759 ERROR aiogram.dispatcher: Failed to fetch updates - TelegramNetworkError: HTTP Client says - ClientConnectorDNSError: Cannot connect to host api.telegram.org:443 ssl:default [getaddrinfo failed]
2026-08-14 14:13:43,759 WARNING aiogram.dispatcher: Sleep for 4.986215 seconds and try again... (tryings = 214, bot id = 8940303755)
2026-08-14 14:13:48,753 ERROR aiogram.dispatcher: Failed to fetch updates - TelegramNetworkError: HTTP Client says - ClientConnectorDNSError: Cannot connect to host api.telegram.org:443 ssl:default [getaddrinfo failed]
2026-08-14 14:13:48,753 WARNING aiogram.dispatcher: Sleep for 5.097886 seconds and try again... (tryings = 215, bot id = 8940303755)
2026-08-14 14:13:53,859 ERROR aiogram.dispatcher: Failed to fetch updates - TelegramNetworkError: HTTP Client says - ClientConnectorDNSError: Cannot connect to host api.telegram.org:443 ssl:default [getaddrinfo failed]
2026-08-14 14:13:53,859 WARNING aiogram.dispatcher: Sleep for 5.132948 seconds and try again... (tryings = 216, bot id = 8940303755)
2026-08-14 14:13:59,001 ERROR aiogram.dispatcher: Failed to fetch updates - TelegramNetworkError: HTTP Client says - ClientConnectorDNSError: Cannot connect to host api.telegram.org:443 ssl:default [getaddrinfo failed]
2026-08-14 14:13:59,001 WARNING aiogram.dispatcher: Sleep for 4.974566 seconds and try again... (tryings = 217, bot id = 8940303755)
2026-08-14 14:14:03,986 ERROR aiogram.dispatcher: Failed to fetch updates - TelegramNetworkError: HTTP Client says - ClientConnectorDNSError: Cannot connect to host api.telegram.org:443 ssl:default [getaddrinfo failed]
2026-08-14 14:14:03,986 WARNING aiogram.dispatcher: Sleep for 5.005954 seconds and try again... (tryings = 218, bot id = 8940303755)
2026-08-14 14:14:09,000 ERROR aiogram.dispatcher: Failed to fetch updates - TelegramNetworkError: HTTP Client says - ClientConnectorDNSError: Cannot connect to host api.telegram.org:443 ssl:default [getaddrinfo failed]
2026-08-14 14:14:09,000 WARNING aiogram.dispatcher: Sleep for 5.026729 seconds and try again... (tryings = 219, bot id = 8940303755)
2026-08-14 14:14:14,030 ERROR aiogram.dispatcher: Failed to fetch updates - TelegramNetworkError: HTTP Client says - ClientConnectorDNSError: Cannot connect to host api.telegram.org:443 ssl:default [getaddrinfo failed]
2026-08-14 14:14:14,030 WARNING aiogram.dispatcher: Sleep for 4.913787 seconds and try again... (tryings = 220, bot id = 8940303755)
2026-08-14 14:14:18,945 ERROR aiogram.dispatcher: Failed to fetch updates - TelegramNetworkError: HTTP Client says - ClientConnectorDNSError: Cannot connect to host api.telegram.org:443 ssl:default [getaddrinfo failed]
2026-08-14 14:14:18,945 WARNING aiogram.dispatcher: Sleep for 5.004899 seconds and try again... (tryings = 221, bot id = 8940303755)
2026-08-14 14:14:23,965 ERROR aiogram.dispatcher: Failed to fetch updates - TelegramNetworkError: HTTP Client says - ClientConnectorDNSError: Cannot connect to host api.telegram.org:443 ssl:default [getaddrinfo failed]
2026-08-14 14:14:23,965 WARNING aiogram.dispatcher: Sleep for 4.963112 seconds and try again... (tryings = 222, bot id = 8940303755)
2026-08-14 14:14:28,939 ERROR aiogram.dispatcher: Failed to fetch updates - TelegramNetworkError: HTTP Client says - ClientConnectorDNSError: Cannot connect to host api.telegram.org:443 ssl:default [getaddrinfo failed]
2026-08-14 14:14:28,939 WARNING aiogram.dispatcher: Sleep for 4.915850 seconds and try again... (tryings = 223, bot id = 8940303755)
2026-08-14 14:14:33,857 ERROR aiogram.dispatcher: Failed to fetch updates - TelegramNetworkError: HTTP Client says - ClientConnectorDNSError: Cannot connect to host api.telegram.org:443 ssl:default [getaddrinfo failed]
2026-08-14 14:14:33,857 WARNING aiogram.dispatcher: Sleep for 4.974635 seconds and try again... (tryings = 224, bot id = 8940303755)
2026-08-14 14:14:38,843 ERROR aiogram.dispatcher: Failed to fetch updates - TelegramNetworkError: HTTP Client says - ClientConnectorDNSError: Cannot connect to host api.telegram.org:443 ssl:default [getaddrinfo failed]
2026-08-14 14:14:38,843 WARNING aiogram.dispatcher: Sleep for 5.090855 seconds and try again... (tryings = 225, bot id = 8940303755)
2026-08-14 14:14:43,941 ERROR aiogram.dispatcher: Failed to fetch updates - TelegramNetworkError: HTTP Client says - ClientConnectorDNSError: Cannot connect to host api.telegram.org:443 ssl:default [getaddrinfo failed]
2026-08-14 14:14:43,941 WARNING aiogram.dispatcher: Sleep for 5.203685 seconds and try again... (tryings = 226, bot id = 8940303755)
2026-08-14 14:14:49,161 ERROR aiogram.dispatcher: Failed to fetch updates - TelegramNetworkError: HTTP Client says - ClientConnectorDNSError: Cannot connect to host api.telegram.org:443 ssl:default [getaddrinfo failed]
2026-08-14 14:14:49,161 WARNING aiogram.dispatcher: Sleep for 5.019206 seconds and try again... (tryings = 227, bot id = 8940303755)
2026-08-14 14:14:54,190 ERROR aiogram.dispatcher: Failed to fetch updates - TelegramNetworkError: HTTP Client says - ClientConnectorDNSError: Cannot connect to host api.telegram.org:443 ssl:default [getaddrinfo failed]
2026-08-14 14:14:54,190 WARNING aiogram.dispatcher: Sleep for 5.074672 seconds and try again... (tryings = 228, bot id = 8940303755)
2026-08-14 14:14:59,287 ERROR aiogram.dispatcher: Failed to fetch updates - TelegramNetworkError: HTTP Client says - ClientConnectorDNSError: Cannot connect to host api.telegram.org:443 ssl:default [getaddrinfo failed]
2026-08-14 14:14:59,287 WARNING aiogram.dispatcher: Sleep for 4.932939 seconds and try again... (tryings = 229, bot id = 8940303755)
2026-08-14 14:15:04,225 ERROR aiogram.dispatcher: Failed to fetch updates - TelegramNetworkError: HTTP Client says - ClientConnectorDNSError: Cannot connect to host api.telegram.org:443 ssl:default [getaddrinfo failed]
2026-08-14 14:15:04,225 WARNING aiogram.dispatcher: Sleep for 5.118716 seconds and try again... (tryings = 230, bot id = 8940303755)
2026-08-14 14:15:09,349 ERROR aiogram.dispatcher: Failed to fetch updates - TelegramNetworkError: HTTP Client says - ClientConnectorDNSError: Cannot connect to host api.telegram.org:443 ssl:default [getaddrinfo failed]
2026-08-14 14:15:09,349 WARNING aiogram.dispatcher: Sleep for 4.941987 seconds and try again... (tryings = 231, bot id = 8940303755)
2026-08-14 14:15:14,312 ERROR aiogram.dispatcher: Failed to fetch updates - TelegramNetworkError: HTTP Client says - ClientConnectorDNSError: Cannot connect to host api.telegram.org:443 ssl:default [getaddrinfo failed]
2026-08-14 14:15:14,312 WARNING aiogram.dispatcher: Sleep for 4.921593 seconds and try again... (tryings = 232, bot id = 8940303755)
2026-08-14 14:15:19,234 ERROR aiogram.dispatcher: Failed to fetch updates - TelegramNetworkError: HTTP Client says - ClientConnectorDNSError: Cannot connect to host api.telegram.org:443 ssl:default [getaddrinfo failed]
2026-08-14 14:15:19,234 WARNING aiogram.dispatcher: Sleep for 5.143278 seconds and try again... (tryings = 233, bot id = 8940303755)
2026-08-14 14:15:24,393 ERROR aiogram.dispatcher: Failed to fetch updates - TelegramNetworkError: HTTP Client says - ClientConnectorDNSError: Cannot connect to host api.telegram.org:443 ssl:default [getaddrinfo failed]
2026-08-14 14:15:24,393 WARNING aiogram.dispatcher: Sleep for 5.075023 seconds and try again... (tryings = 234, bot id = 8940303755)
2026-08-14 14:15:29,490 ERROR aiogram.dispatcher: Failed to fetch updates - TelegramNetworkError: HTTP Client says - ClientConnectorDNSError: Cannot connect to host api.telegram.org:443 ssl:default [getaddrinfo failed]
2026-08-14 14:15:29,490 WARNING aiogram.dispatcher: Sleep for 5.146220 seconds and try again... (tryings = 235, bot id = 8940303755)
2026-08-14 14:15:34,644 ERROR aiogram.dispatcher: Failed to fetch updates - TelegramNetworkError: HTTP Client says - ClientConnectorDNSError: Cannot connect to host api.telegram.org:443 ssl:default [getaddrinfo failed]
2026-08-14 14:15:34,644 WARNING aiogram.dispatcher: Sleep for 5.143226 seconds and try again... (tryings = 236, bot id = 8940303755)
2026-08-14 14:15:39,799 ERROR aiogram.dispatcher: Failed to fetch updates - TelegramNetworkError: HTTP Client says - ClientConnectorDNSError: Cannot connect to host api.telegram.org:443 ssl:default [getaddrinfo failed]
2026-08-14 14:15:39,799 WARNING aiogram.dispatcher: Sleep for 5.075628 seconds and try again... (tryings = 237, bot id = 8940303755)
2026-08-14 14:15:44,878 ERROR aiogram.dispatcher: Failed to fetch updates - TelegramNetworkError: HTTP Client says - ClientConnectorDNSError: Cannot connect to host api.telegram.org:443 ssl:default [getaddrinfo failed]
2026-08-14 14:15:44,878 WARNING aiogram.dispatcher: Sleep for 5.067718 seconds and try again... (tryings = 238, bot id = 8940303755)
2026-08-14 14:15:49,960 ERROR aiogram.dispatcher: Failed to fetch updates - TelegramNetworkError: HTTP Client says - ClientConnectorDNSError: Cannot connect to host api.telegram.org:443 ssl:default [getaddrinfo failed]
2026-08-14 14:15:49,960 WARNING aiogram.dispatcher: Sleep for 4.919389 seconds and try again... (tryings = 239, bot id = 8940303755)
2026-08-14 14:15:54,895 ERROR aiogram.dispatcher: Failed to fetch updates - TelegramNetworkError: HTTP Client says - ClientConnectorDNSError: Cannot connect to host api.telegram.org:443 ssl:default [getaddrinfo failed]
2026-08-14 14:15:54,895 WARNING aiogram.dispatcher: Sleep for 5.067451 seconds and try again... (tryings = 240, bot id = 8940303755)
2026-08-14 14:15:59,961 ERROR aiogram.dispatcher: Failed to fetch updates - TelegramNetworkError: HTTP Client says - ClientConnectorDNSError: Cannot connect to host api.telegram.org:443 ssl:default [getaddrinfo failed]
2026-08-14 14:15:59,961 WARNING aiogram.dispatcher: Sleep for 4.998261 seconds and try again... (tryings = 241, bot id = 8940303755)
2026-08-14 14:16:04,969 ERROR aiogram.dispatcher: Failed to fetch updates - TelegramNetworkError: HTTP Client says - ClientConnectorDNSError: Cannot connect to host api.telegram.org:443 ssl:default [getaddrinfo failed]
2026-08-14 14:16:04,969 WARNING aiogram.dispatcher: Sleep for 5.033590 seconds and try again... (tryings = 242, bot id = 8940303755)
2026-08-14 14:16:10,015 ERROR aiogram.dispatcher: Failed to fetch updates - TelegramNetworkError: HTTP Client says - ClientConnectorDNSError: Cannot connect to host api.telegram.org:443 ssl:default [getaddrinfo failed]
2026-08-14 14:16:10,015 WARNING aiogram.dispatcher: Sleep for 5.142693 seconds and try again... (tryings = 243, bot id = 8940303755)
2026-08-14 14:16:15,184 ERROR aiogram.dispatcher: Failed to fetch updates - TelegramNetworkError: HTTP Client says - ClientConnectorDNSError: Cannot connect to host api.telegram.org:443 ssl:default [getaddrinfo failed]
2026-08-14 14:16:15,184 WARNING aiogram.dispatcher: Sleep for 5.006100 seconds and try again... (tryings = 244, bot id = 8940303755)
2026-08-14 14:16:20,202 ERROR aiogram.dispatcher: Failed to fetch updates - TelegramNetworkError: HTTP Client says - ClientConnectorDNSError: Cannot connect to host api.telegram.org:443 ssl:default [getaddrinfo failed]
2026-08-14 14:16:20,202 WARNING aiogram.dispatcher: Sleep for 5.079027 seconds and try again... (tryings = 245, bot id = 8940303755)
2026-08-14 14:16:25,284 ERROR aiogram.dispatcher: Failed to fetch updates - TelegramNetworkError: HTTP Client says - ClientConnectorDNSError: Cannot connect to host api.telegram.org:443 ssl:default [getaddrinfo failed]
2026-08-14 14:16:25,284 WARNING aiogram.dispatcher: Sleep for 4.844637 seconds and try again... (tryings = 246, bot id = 8940303755)
2026-08-14 14:16:30,134 ERROR aiogram.dispatcher: Failed to fetch updates - TelegramNetworkError: HTTP Client says - ClientConnectorDNSError: Cannot connect to host api.telegram.org:443 ssl:default [getaddrinfo failed]
2026-08-14 14:16:30,134 WARNING aiogram.dispatcher: Sleep for 4.884367 seconds and try again... (tryings = 247, bot id = 8940303755)
2026-08-14 14:16:35,025 ERROR aiogram.dispatcher: Failed to fetch updates - TelegramNetworkError: HTTP Client says - ClientConnectorDNSError: Cannot connect to host api.telegram.org:443 ssl:default [getaddrinfo failed]
2026-08-14 14:16:35,025 WARNING aiogram.dispatcher: Sleep for 4.923459 seconds and try again... (tryings = 248, bot id = 8940303755)
2026-08-14 14:16:39,964 ERROR aiogram.dispatcher: Failed to fetch updates - TelegramNetworkError: HTTP Client says - ClientConnectorDNSError: Cannot connect to host api.telegram.org:443 ssl:default [getaddrinfo failed]
2026-08-14 14:16:39,964 WARNING aiogram.dispatcher: Sleep for 5.012401 seconds and try again... (tryings = 249, bot id = 8940303755)
2026-08-14 14:16:44,983 ERROR aiogram.dispatcher: Failed to fetch updates - TelegramNetworkError: HTTP Client says - ClientConnectorDNSError: Cannot connect to host api.telegram.org:443 ssl:default [getaddrinfo failed]
2026-08-14 14:16:44,983 WARNING aiogram.dispatcher: Sleep for 5.087598 seconds and try again... (tryings = 250, bot id = 8940303755)
2026-08-14 14:16:50,078 ERROR aiogram.dispatcher: Failed to fetch updates - TelegramNetworkError: HTTP Client says - ClientConnectorDNSError: Cannot connect to host api.telegram.org:443 ssl:default [getaddrinfo failed]
2026-08-14 14:16:50,078 WARNING aiogram.dispatcher: Sleep for 5.004598 seconds and try again... (tryings = 251, bot id = 8940303755)
2026-08-14 14:16:55,091 ERROR aiogram.dispatcher: Failed to fetch updates - TelegramNetworkError: HTTP Client says - ClientConnectorDNSError: Cannot connect to host api.telegram.org:443 ssl:default [getaddrinfo failed]
2026-08-14 14:16:55,091 WARNING aiogram.dispatcher: Sleep for 5.166537 seconds and try again... (tryings = 252, bot id = 8940303755)
2026-08-14 14:17:00,266 ERROR aiogram.dispatcher: Failed to fetch updates - TelegramNetworkError: HTTP Client says - ClientConnectorDNSError: Cannot connect to host api.telegram.org:443 ssl:default [getaddrinfo failed]
2026-08-14 14:17:00,266 WARNING aiogram.dispatcher: Sleep for 4.778807 seconds and try again... (tryings = 253, bot id = 8940303755)
2026-08-14 14:17:05,053 ERROR aiogram.dispatcher: Failed to fetch updates - TelegramNetworkError: HTTP Client says - ClientConnectorDNSError: Cannot connect to host api.telegram.org:443 ssl:default [getaddrinfo failed]
2026-08-14 14:17:05,053 WARNING aiogram.dispatcher: Sleep for 4.935087 seconds and try again... (tryings = 254, bot id = 8940303755)
2026-08-14 14:17:09,990 ERROR aiogram.dispatcher: Failed to fetch updates - TelegramNetworkError: HTTP Client says - ClientConnectorDNSError: Cannot connect to host api.telegram.org:443 ssl:default [getaddrinfo failed]
2026-08-14 14:17:09,990 WARNING aiogram.dispatcher: Sleep for 4.778903 seconds and try again... (tryings = 255, bot id = 8940303755)
2026-08-14 14:17:14,765 ERROR aiogram.dispatcher: Failed to fetch updates - TelegramNetworkError: HTTP Client says - ClientConnectorDNSError: Cannot connect to host api.telegram.org:443 ssl:default [getaddrinfo failed]
2026-08-14 14:17:14,765 WARNING aiogram.dispatcher: Sleep for 5.042765 seconds and try again... (tryings = 256, bot id = 8940303755)
2026-08-14 14:17:19,809 ERROR aiogram.dispatcher: Failed to fetch updates - TelegramNetworkError: HTTP Client says - ClientConnectorDNSError: Cannot connect to host api.telegram.org:443 ssl:default [getaddrinfo failed]
2026-08-14 14:17:19,809 WARNING aiogram.dispatcher: Sleep for 4.999721 seconds and try again... (tryings = 257, bot id = 8940303755)
2026-08-14 14:17:24,815 ERROR aiogram.dispatcher: Failed to fetch updates - TelegramNetworkError: HTTP Client says - ClientConnectorDNSError: Cannot connect to host api.telegram.org:443 ssl:default [getaddrinfo failed]
2026-08-14 14:17:24,817 WARNING aiogram.dispatcher: Sleep for 4.884095 seconds and try again... (tryings = 258, bot id = 8940303755)
2026-08-14 14:17:29,711 ERROR aiogram.dispatcher: Failed to fetch updates - TelegramNetworkError: HTTP Client says - ClientConnectorDNSError: Cannot connect to host api.telegram.org:443 ssl:default [getaddrinfo failed]
2026-08-14 14:17:29,711 WARNING aiogram.dispatcher: Sleep for 5.263838 seconds and try again... (tryings = 259, bot id = 8940303755)
2026-08-14 14:17:34,977 ERROR aiogram.dispatcher: Failed to fetch updates - TelegramNetworkError: HTTP Client says - ClientConnectorDNSError: Cannot connect to host api.telegram.org:443 ssl:default [getaddrinfo failed]
2026-08-14 14:17:34,977 WARNING aiogram.dispatcher: Sleep for 5.120464 seconds and try again... (tryings = 260, bot id = 8940303755)
2026-08-14 14:17:40,101 ERROR aiogram.dispatcher: Failed to fetch updates - TelegramNetworkError: HTTP Client says - ClientConnectorDNSError: Cannot connect to host api.telegram.org:443 ssl:default [getaddrinfo failed]
2026-08-14 14:17:40,101 WARNING aiogram.dispatcher: Sleep for 4.973511 seconds and try again... (tryings = 261, bot id = 8940303755)
2026-08-14 14:17:45,068 ERROR aiogram.dispatcher: Failed to fetch updates - TelegramNetworkError: HTTP Client says - ClientConnectorDNSError: Cannot connect to host api.telegram.org:443 ssl:default [getaddrinfo failed]
2026-08-14 14:17:45,068 WARNING aiogram.dispatcher: Sleep for 5.002994 seconds and try again... (tryings = 262, bot id = 8940303755)
2026-08-14 14:17:50,072 ERROR aiogram.dispatcher: Failed to fetch updates - TelegramNetworkError: HTTP Client says - ClientConnectorDNSError: Cannot connect to host api.telegram.org:443 ssl:default [getaddrinfo failed]
2026-08-14 14:17:50,072 WARNING aiogram.dispatcher: Sleep for 5.022022 seconds and try again... (tryings = 263, bot id = 8940303755)
2026-08-14 14:17:55,099 ERROR aiogram.dispatcher: Failed to fetch updates - TelegramNetworkError: HTTP Client says - ClientConnectorDNSError: Cannot connect to host api.telegram.org:443 ssl:default [getaddrinfo failed]
2026-08-14 14:17:55,099 WARNING aiogram.dispatcher: Sleep for 5.047501 seconds and try again... (tryings = 264, bot id = 8940303755)
2026-08-14 14:18:00,157 ERROR aiogram.dispatcher: Failed to fetch updates - TelegramNetworkError: HTTP Client says - ClientConnectorDNSError: Cannot connect to host api.telegram.org:443 ssl:default [getaddrinfo failed]
2026-08-14 14:18:00,157 WARNING aiogram.dispatcher: Sleep for 5.085276 seconds and try again... (tryings = 265, bot id = 8940303755)
2026-08-14 14:18:05,248 ERROR aiogram.dispatcher: Failed to fetch updates - TelegramNetworkError: HTTP Client says - ClientConnectorDNSError: Cannot connect to host api.telegram.org:443 ssl:default [getaddrinfo failed]
2026-08-14 14:18:05,248 WARNING aiogram.dispatcher: Sleep for 5.084040 seconds and try again... (tryings = 266, bot id = 8940303755)
2026-08-14 14:18:10,341 ERROR aiogram.dispatcher: Failed to fetch updates - TelegramNetworkError: HTTP Client says - ClientConnectorDNSError: Cannot connect to host api.telegram.org:443 ssl:default [getaddrinfo failed]
2026-08-14 14:18:10,341 WARNING aiogram.dispatcher: Sleep for 4.988309 seconds and try again... (tryings = 267, bot id = 8940303755)
2026-08-14 14:18:15,340 ERROR aiogram.dispatcher: Failed to fetch updates - TelegramNetworkError: HTTP Client says - ClientConnectorDNSError: Cannot connect to host api.telegram.org:443 ssl:default [getaddrinfo failed]
2026-08-14 14:18:15,340 WARNING aiogram.dispatcher: Sleep for 5.047072 seconds and try again... (tryings = 268, bot id = 8940303755)
2026-08-14 14:18:20,402 ERROR aiogram.dispatcher: Failed to fetch updates - TelegramNetworkError: HTTP Client says - ClientConnectorDNSError: Cannot connect to host api.telegram.org:443 ssl:default [getaddrinfo failed]
2026-08-14 14:18:20,402 WARNING aiogram.dispatcher: Sleep for 4.916866 seconds and try again... (tryings = 269, bot id = 8940303755)
2026-08-14 14:18:25,321 ERROR aiogram.dispatcher: Failed to fetch updates - TelegramNetworkError: HTTP Client says - ClientConnectorDNSError: Cannot connect to host api.telegram.org:443 ssl:default [getaddrinfo failed]
2026-08-14 14:18:25,321 WARNING aiogram.dispatcher: Sleep for 4.859278 seconds and try again... (tryings = 270, bot id = 8940303755)
2026-08-14 14:18:30,179 ERROR aiogram.dispatcher: Failed to fetch updates - TelegramNetworkError: HTTP Client says - ClientConnectorDNSError: Cannot connect to host api.telegram.org:443 ssl:default [getaddrinfo failed]
2026-08-14 14:18:30,179 WARNING aiogram.dispatcher: Sleep for 5.320828 seconds and try again... (tryings = 271, bot id = 8940303755)
2026-08-14 14:18:35,501 ERROR aiogram.dispatcher: Failed to fetch updates - TelegramNetworkError: HTTP Client says - ClientConnectorDNSError: Cannot connect to host api.telegram.org:443 ssl:default [getaddrinfo failed]
2026-08-14 14:18:35,501 WARNING aiogram.dispatcher: Sleep for 4.958486 seconds and try again... (tryings = 272, bot id = 8940303755)
2026-08-14 14:18:40,471 ERROR aiogram.dispatcher: Failed to fetch updates - TelegramNetworkError: HTTP Client says - ClientConnectorDNSError: Cannot connect to host api.telegram.org:443 ssl:default [getaddrinfo failed]
2026-08-14 14:18:40,471 WARNING aiogram.dispatcher: Sleep for 5.053735 seconds and try again... (tryings = 273, bot id = 8940303755)
2026-08-14 14:18:45,530 ERROR aiogram.dispatcher: Failed to fetch updates - TelegramNetworkError: HTTP Client says - ClientConnectorDNSError: Cannot connect to host api.telegram.org:443 ssl:default [getaddrinfo failed]
2026-08-14 14:18:45,530 WARNING aiogram.dispatcher: Sleep for 5.044783 seconds and try again... (tryings = 274, bot id = 8940303755)
2026-08-14 14:18:50,591 ERROR aiogram.dispatcher: Failed to fetch updates - TelegramNetworkError: HTTP Client says - ClientConnectorDNSError: Cannot connect to host api.telegram.org:443 ssl:default [getaddrinfo failed]
2026-08-14 14:18:50,591 WARNING aiogram.dispatcher: Sleep for 5.062483 seconds and try again... (tryings = 275, bot id = 8940303755)
2026-08-14 14:18:55,668 ERROR aiogram.dispatcher: Failed to fetch updates - TelegramNetworkError: HTTP Client says - ClientConnectorDNSError: Cannot connect to host api.telegram.org:443 ssl:default [getaddrinfo failed]
2026-08-14 14:18:55,668 WARNING aiogram.dispatcher: Sleep for 4.962708 seconds and try again... (tryings = 276, bot id = 8940303755)
2026-08-14 14:19:00,645 ERROR aiogram.dispatcher: Failed to fetch updates - TelegramNetworkError: HTTP Client says - ClientConnectorDNSError: Cannot connect to host api.telegram.org:443 ssl:default [getaddrinfo failed]
2026-08-14 14:19:00,645 WARNING aiogram.dispatcher: Sleep for 4.935270 seconds and try again... (tryings = 277, bot id = 8940303755)
2026-08-14 14:19:05,590 ERROR aiogram.dispatcher: Failed to fetch updates - TelegramNetworkError: HTTP Client says - ClientConnectorDNSError: Cannot connect to host api.telegram.org:443 ssl:default [getaddrinfo failed]
2026-08-14 14:19:05,590 WARNING aiogram.dispatcher: Sleep for 4.919682 seconds and try again... (tryings = 278, bot id = 8940303755)
2026-08-14 14:19:10,522 ERROR aiogram.dispatcher: Failed to fetch updates - TelegramNetworkError: HTTP Client says - ClientConnectorDNSError: Cannot connect to host api.telegram.org:443 ssl:default [getaddrinfo failed]
2026-08-14 14:19:10,522 WARNING aiogram.dispatcher: Sleep for 5.029879 seconds and try again... (tryings = 279, bot id = 8940303755)
2026-08-14 14:19:15,569 ERROR aiogram.dispatcher: Failed to fetch updates - TelegramNetworkError: HTTP Client says - ClientConnectorDNSError: Cannot connect to host api.telegram.org:443 ssl:default [getaddrinfo failed]
2026-08-14 14:19:15,569 WARNING aiogram.dispatcher: Sleep for 5.048544 seconds and try again... (tryings = 280, bot id = 8940303755)
2026-08-14 14:19:20,619 ERROR aiogram.dispatcher: Failed to fetch updates - TelegramNetworkError: HTTP Client says - ClientConnectorDNSError: Cannot connect to host api.telegram.org:443 ssl:default [getaddrinfo failed]
2026-08-14 14:19:20,619 WARNING aiogram.dispatcher: Sleep for 5.248875 seconds and try again... (tryings = 281, bot id = 8940303755)
2026-08-14 14:19:25,870 ERROR aiogram.dispatcher: Failed to fetch updates - TelegramNetworkError: HTTP Client says - ClientConnectorDNSError: Cannot connect to host api.telegram.org:443 ssl:default [getaddrinfo failed]
2026-08-14 14:19:25,870 WARNING aiogram.dispatcher: Sleep for 5.119369 seconds and try again... (tryings = 282, bot id = 8940303755)
2026-08-14 14:19:30,995 ERROR aiogram.dispatcher: Failed to fetch updates - TelegramNetworkError: HTTP Client says - ClientConnectorDNSError: Cannot connect to host api.telegram.org:443 ssl:default [getaddrinfo failed]
2026-08-14 14:19:30,995 WARNING aiogram.dispatcher: Sleep for 4.846439 seconds and try again... (tryings = 283, bot id = 8940303755)
2026-08-14 14:19:35,844 ERROR aiogram.dispatcher: Failed to fetch updates - TelegramNetworkError: HTTP Client says - ClientConnectorDNSError: Cannot connect to host api.telegram.org:443 ssl:default [getaddrinfo failed]
2026-08-14 14:19:35,844 WARNING aiogram.dispatcher: Sleep for 4.988564 seconds and try again... (tryings = 284, bot id = 8940303755)
2026-08-14 14:19:40,844 ERROR aiogram.dispatcher: Failed to fetch updates - TelegramNetworkError: HTTP Client says - ClientConnectorDNSError: Cannot connect to host api.telegram.org:443 ssl:default [getaddrinfo failed]
2026-08-14 14:19:40,844 WARNING aiogram.dispatcher: Sleep for 4.985785 seconds and try again... (tryings = 285, bot id = 8940303755)
2026-08-14 14:19:45,841 ERROR aiogram.dispatcher: Failed to fetch updates - TelegramNetworkError: HTTP Client says - ClientConnectorDNSError: Cannot connect to host api.telegram.org:443 ssl:default [getaddrinfo failed]
2026-08-14 14:19:45,841 WARNING aiogram.dispatcher: Sleep for 4.984014 seconds and try again... (tryings = 286, bot id = 8940303755)
2026-08-14 14:19:50,836 ERROR aiogram.dispatcher: Failed to fetch updates - TelegramNetworkError: HTTP Client says - ClientConnectorDNSError: Cannot connect to host api.telegram.org:443 ssl:default [getaddrinfo failed]
2026-08-14 14:19:50,836 WARNING aiogram.dispatcher: Sleep for 4.972454 seconds and try again... (tryings = 287, bot id = 8940303755)
2026-08-14 14:19:55,814 ERROR aiogram.dispatcher: Failed to fetch updates - TelegramNetworkError: HTTP Client says - ClientConnectorDNSError: Cannot connect to host api.telegram.org:443 ssl:default [getaddrinfo failed]
2026-08-14 14:19:55,814 WARNING aiogram.dispatcher: Sleep for 5.232687 seconds and try again... (tryings = 288, bot id = 8940303755)
2026-08-14 14:20:01,070 ERROR aiogram.dispatcher: Failed to fetch updates - TelegramNetworkError: HTTP Client says - ClientConnectorDNSError: Cannot connect to host api.telegram.org:443 ssl:default [getaddrinfo failed]
2026-08-14 14:20:01,070 WARNING aiogram.dispatcher: Sleep for 4.974280 seconds and try again... (tryings = 289, bot id = 8940303755)
2026-08-14 14:20:06,062 ERROR aiogram.dispatcher: Failed to fetch updates - TelegramNetworkError: HTTP Client says - ClientConnectorDNSError: Cannot connect to host api.telegram.org:443 ssl:default [getaddrinfo failed]
2026-08-14 14:20:06,062 WARNING aiogram.dispatcher: Sleep for 5.121924 seconds and try again... (tryings = 290, bot id = 8940303755)
2026-08-14 14:20:11,196 ERROR aiogram.dispatcher: Failed to fetch updates - TelegramNetworkError: HTTP Client says - ClientConnectorDNSError: Cannot connect to host api.telegram.org:443 ssl:default [getaddrinfo failed]
2026-08-14 14:20:11,197 WARNING aiogram.dispatcher: Sleep for 4.882147 seconds and try again... (tryings = 291, bot id = 8940303755)
2026-08-14 14:20:16,077 ERROR aiogram.dispatcher: Failed to fetch updates - TelegramNetworkError: HTTP Client says - ClientConnectorDNSError: Cannot connect to host api.telegram.org:443 ssl:default [getaddrinfo failed]
2026-08-14 14:20:16,078 WARNING aiogram.dispatcher: Sleep for 5.011696 seconds and try again... (tryings = 292, bot id = 8940303755)
2026-08-14 14:20:21,095 ERROR aiogram.dispatcher: Failed to fetch updates - TelegramNetworkError: HTTP Client says - ClientConnectorDNSError: Cannot connect to host api.telegram.org:443 ssl:default [getaddrinfo failed]
2026-08-14 14:20:21,096 WARNING aiogram.dispatcher: Sleep for 4.829938 seconds and try again... (tryings = 293, bot id = 8940303755)
2026-08-14 14:20:25,932 ERROR aiogram.dispatcher: Failed to fetch updates - TelegramNetworkError: HTTP Client says - ClientConnectorDNSError: Cannot connect to host api.telegram.org:443 ssl:default [getaddrinfo failed]
2026-08-14 14:20:25,932 WARNING aiogram.dispatcher: Sleep for 4.878475 seconds and try again... (tryings = 294, bot id = 8940303755)
2026-08-14 14:20:30,815 ERROR aiogram.dispatcher: Failed to fetch updates - TelegramNetworkError: HTTP Client says - ClientConnectorDNSError: Cannot connect to host api.telegram.org:443 ssl:default [getaddrinfo failed]
2026-08-14 14:20:30,815 WARNING aiogram.dispatcher: Sleep for 4.875987 seconds and try again... (tryings = 295, bot id = 8940303755)
2026-08-14 14:20:35,698 ERROR aiogram.dispatcher: Failed to fetch updates - TelegramNetworkError: HTTP Client says - ClientConnectorDNSError: Cannot connect to host api.telegram.org:443 ssl:default [getaddrinfo failed]
2026-08-14 14:20:35,698 WARNING aiogram.dispatcher: Sleep for 5.162365 seconds and try again... (tryings = 296, bot id = 8940303755)
2026-08-14 14:20:40,866 ERROR aiogram.dispatcher: Failed to fetch updates - TelegramNetworkError: HTTP Client says - ClientConnectorDNSError: Cannot connect to host api.telegram.org:443 ssl:default [getaddrinfo failed]
2026-08-14 14:20:40,866 WARNING aiogram.dispatcher: Sleep for 5.064752 seconds and try again... (tryings = 297, bot id = 8940303755)
2026-08-14 14:20:45,933 ERROR aiogram.dispatcher: Failed to fetch updates - TelegramNetworkError: HTTP Client says - ClientConnectorDNSError: Cannot connect to host api.telegram.org:443 ssl:default [getaddrinfo failed]
2026-08-14 14:20:45,933 WARNING aiogram.dispatcher: Sleep for 4.966394 seconds and try again... (tryings = 298, bot id = 8940303755)
2026-08-14 14:21:01,551 INFO aiogram.dispatcher: Connection established (tryings = 299, bot id = 8940303755)
2026-08-14 15:28:21,078 ERROR aiogram.dispatcher: Failed to fetch updates - TelegramNetworkError: HTTP Client says - Request timeout error
2026-08-14 15:28:21,078 WARNING aiogram.dispatcher: Sleep for 1.000000 seconds and try again... (tryings = 0, bot id = 8940303755)
2026-08-14 15:28:27,023 ERROR aiogram.dispatcher: Failed to fetch updates - TelegramNetworkError: HTTP Client says - ClientConnectorError: Cannot connect to host api.telegram.org:443 ssl:default [Подключение к сети было разорвано локальной системой]
2026-08-14 15:28:27,046 WARNING aiogram.dispatcher: Sleep for 1.267330 seconds and try again... (tryings = 1, bot id = 8940303755)
2026-08-14 15:28:28,325 ERROR aiogram.dispatcher: Failed to fetch updates - TelegramNetworkError: HTTP Client says - ClientConnectorError: Cannot connect to host api.telegram.org:443 ssl:default [Сетевая папка недоступна. За информацией о разрешении проблем в сети обратитесь к справочной системе Windows]
2026-08-14 15:28:28,325 WARNING aiogram.dispatcher: Sleep for 1.576038 seconds and try again... (tryings = 2, bot id = 8940303755)
2026-08-14 15:28:29,911 ERROR aiogram.dispatcher: Failed to fetch updates - TelegramNetworkError: HTTP Client says - ClientConnectorError: Cannot connect to host api.telegram.org:443 ssl:default [Сетевая папка недоступна. За информацией о разрешении проблем в сети обратитесь к справочной системе Windows]
2026-08-14 15:28:29,911 WARNING aiogram.dispatcher: Sleep for 1.992504 seconds and try again... (tryings = 3, bot id = 8940303755)
2026-08-14 15:28:52,963 ERROR aiogram.dispatcher: Failed to fetch updates - TelegramNetworkError: HTTP Client says - ClientConnectorError: Cannot connect to host api.telegram.org:443 ssl:default [Превышен таймаут семафора]
2026-08-14 15:28:52,964 WARNING aiogram.dispatcher: Sleep for 2.627517 seconds and try again... (tryings = 4, bot id = 8940303755)
2026-08-14 15:29:16,635 ERROR aiogram.dispatcher: Failed to fetch updates - TelegramNetworkError: HTTP Client says - ClientConnectorError: Cannot connect to host api.telegram.org:443 ssl:default [Превышен таймаут семафора]
2026-08-14 15:29:16,636 WARNING aiogram.dispatcher: Sleep for 3.332841 seconds and try again... (tryings = 5, bot id = 8940303755)
2026-08-14 15:29:40,999 ERROR aiogram.dispatcher: Failed to fetch updates - TelegramNetworkError: HTTP Client says - ClientConnectorError: Cannot connect to host api.telegram.org:443 ssl:default [Превышен таймаут семафора]
2026-08-14 15:29:40,999 WARNING aiogram.dispatcher: Sleep for 4.271489 seconds and try again... (tryings = 6, bot id = 8940303755)
2026-08-14 15:29:45,280 ERROR aiogram.dispatcher: Failed to fetch updates - TelegramNetworkError: HTTP Client says - ClientConnectorError: Cannot connect to host api.telegram.org:443 ssl:default [Сетевая папка недоступна. За информацией о разрешении проблем в сети обратитесь к справочной системе Windows]
2026-08-14 15:29:45,281 WARNING aiogram.dispatcher: Sleep for 5.142371 seconds and try again... (tryings = 7, bot id = 8940303755)
2026-08-14 15:29:50,432 ERROR aiogram.dispatcher: Failed to fetch updates - TelegramNetworkError: HTTP Client says - ClientConnectorError: Cannot connect to host api.telegram.org:443 ssl:default [Сетевая папка недоступна. За информацией о разрешении проблем в сети обратитесь к справочной системе Windows]
2026-08-14 15:29:50,432 WARNING aiogram.dispatcher: Sleep for 5.120182 seconds and try again... (tryings = 8, bot id = 8940303755)
2026-08-14 15:29:55,565 ERROR aiogram.dispatcher: Failed to fetch updates - TelegramNetworkError: HTTP Client says - ClientConnectorError: Cannot connect to host api.telegram.org:443 ssl:default [Сетевая папка недоступна. За информацией о разрешении проблем в сети обратитесь к справочной системе Windows]
2026-08-14 15:29:55,565 WARNING aiogram.dispatcher: Sleep for 4.920830 seconds and try again... (tryings = 9, bot id = 8940303755)
2026-08-14 15:30:00,499 ERROR aiogram.dispatcher: Failed to fetch updates - TelegramNetworkError: HTTP Client says - ClientConnectorError: Cannot connect to host api.telegram.org:443 ssl:default [Сетевая папка недоступна. За информацией о разрешении проблем в сети обратитесь к справочной системе Windows]
2026-08-14 15:30:00,499 WARNING aiogram.dispatcher: Sleep for 4.850167 seconds and try again... (tryings = 10, bot id = 8940303755)
2026-08-14 15:30:05,366 ERROR aiogram.dispatcher: Failed to fetch updates - TelegramNetworkError: HTTP Client says - ClientConnectorError: Cannot connect to host api.telegram.org:443 ssl:default [Сетевая папка недоступна. За информацией о разрешении проблем в сети обратитесь к справочной системе Windows]
2026-08-14 15:30:05,366 WARNING aiogram.dispatcher: Sleep for 4.941796 seconds and try again... (tryings = 11, bot id = 8940303755)
2026-08-14 15:30:10,316 ERROR aiogram.dispatcher: Failed to fetch updates - TelegramNetworkError: HTTP Client says - ClientConnectorError: Cannot connect to host api.telegram.org:443 ssl:default [Сетевая папка недоступна. За информацией о разрешении проблем в сети обратитесь к справочной системе Windows]
2026-08-14 15:30:10,316 WARNING aiogram.dispatcher: Sleep for 5.083132 seconds and try again... (tryings = 12, bot id = 8940303755)
2026-08-14 15:30:15,404 ERROR aiogram.dispatcher: Failed to fetch updates - TelegramNetworkError: HTTP Client says - ClientConnectorError: Cannot connect to host api.telegram.org:443 ssl:default [Сетевая папка недоступна. За информацией о разрешении проблем в сети обратитесь к справочной системе Windows]
2026-08-14 15:30:15,406 WARNING aiogram.dispatcher: Sleep for 4.959969 seconds and try again... (tryings = 13, bot id = 8940303755)
2026-08-14 15:30:20,375 ERROR aiogram.dispatcher: Failed to fetch updates - TelegramNetworkError: HTTP Client says - ClientConnectorError: Cannot connect to host api.telegram.org:443 ssl:default [Сетевая папка недоступна. За информацией о разрешении проблем в сети обратитесь к справочной системе Windows]
2026-08-14 15:30:20,376 WARNING aiogram.dispatcher: Sleep for 5.278220 seconds and try again... (tryings = 14, bot id = 8940303755)
2026-08-14 15:30:25,668 ERROR aiogram.dispatcher: Failed to fetch updates - TelegramNetworkError: HTTP Client says - ClientConnectorError: Cannot connect to host api.telegram.org:443 ssl:default [Сетевая папка недоступна. За информацией о разрешении проблем в сети обратитесь к справочной системе Windows]
2026-08-14 15:30:25,669 WARNING aiogram.dispatcher: Sleep for 5.156100 seconds and try again... (tryings = 15, bot id = 8940303755)
2026-08-14 15:30:30,841 ERROR aiogram.dispatcher: Failed to fetch updates - TelegramNetworkError: HTTP Client says - ClientConnectorError: Cannot connect to host api.telegram.org:443 ssl:default [Сетевая папка недоступна. За информацией о разрешении проблем в сети обратитесь к справочной системе Windows]
2026-08-14 15:30:30,842 WARNING aiogram.dispatcher: Sleep for 5.014509 seconds and try again... (tryings = 16, bot id = 8940303755)
2026-08-14 15:30:35,861 ERROR aiogram.dispatcher: Failed to fetch updates - TelegramNetworkError: HTTP Client says - ClientConnectorError: Cannot connect to host api.telegram.org:443 ssl:default [Сетевая папка недоступна. За информацией о разрешении проблем в сети обратитесь к справочной системе Windows]
2026-08-14 15:30:35,862 WARNING aiogram.dispatcher: Sleep for 5.010504 seconds and try again... (tryings = 17, bot id = 8940303755)
2026-08-14 15:30:40,885 ERROR aiogram.dispatcher: Failed to fetch updates - TelegramNetworkError: HTTP Client says - ClientConnectorError: Cannot connect to host api.telegram.org:443 ssl:default [Сетевая папка недоступна. За информацией о разрешении проблем в сети обратитесь к справочной системе Windows]
2026-08-14 15:30:40,885 WARNING aiogram.dispatcher: Sleep for 4.829540 seconds and try again... (tryings = 18, bot id = 8940303755)
2026-08-14 15:31:06,735 ERROR aiogram.dispatcher: Failed to fetch updates - TelegramNetworkError: HTTP Client says - ClientConnectorError: Cannot connect to host api.telegram.org:443 ssl:default [Превышен таймаут семафора]
2026-08-14 15:31:06,735 WARNING aiogram.dispatcher: Sleep for 5.254641 seconds and try again... (tryings = 19, bot id = 8940303755)
2026-08-14 15:31:33,033 ERROR aiogram.dispatcher: Failed to fetch updates - TelegramNetworkError: HTTP Client says - ClientConnectorError: Cannot connect to host api.telegram.org:443 ssl:default [Превышен таймаут семафора]
2026-08-14 15:31:33,034 WARNING aiogram.dispatcher: Sleep for 4.960459 seconds and try again... (tryings = 20, bot id = 8940303755)
2026-08-14 15:31:59,055 ERROR aiogram.dispatcher: Failed to fetch updates - TelegramNetworkError: HTTP Client says - ClientConnectorError: Cannot connect to host api.telegram.org:443 ssl:default [Превышен таймаут семафора]
2026-08-14 15:31:59,055 WARNING aiogram.dispatcher: Sleep for 5.138277 seconds and try again... (tryings = 21, bot id = 8940303755)
2026-08-14 15:32:25,229 ERROR aiogram.dispatcher: Failed to fetch updates - TelegramNetworkError: HTTP Client says - ClientConnectorError: Cannot connect to host api.telegram.org:443 ssl:default [Превышен таймаут семафора]
2026-08-14 15:32:25,229 WARNING aiogram.dispatcher: Sleep for 4.922823 seconds and try again... (tryings = 22, bot id = 8940303755)
2026-08-14 15:32:51,220 ERROR aiogram.dispatcher: Failed to fetch updates - TelegramNetworkError: HTTP Client says - ClientConnectorError: Cannot connect to host api.telegram.org:443 ssl:default [Превышен таймаут семафора]
2026-08-14 15:32:51,222 WARNING aiogram.dispatcher: Sleep for 5.040760 seconds and try again... (tryings = 23, bot id = 8940303755)
2026-08-14 15:33:17,292 ERROR aiogram.dispatcher: Failed to fetch updates - TelegramNetworkError: HTTP Client says - ClientConnectorError: Cannot connect to host api.telegram.org:443 ssl:default [Превышен таймаут семафора]
2026-08-14 15:33:17,292 WARNING aiogram.dispatcher: Sleep for 4.887805 seconds and try again... (tryings = 24, bot id = 8940303755)
2026-08-14 15:33:43,242 ERROR aiogram.dispatcher: Failed to fetch updates - TelegramNetworkError: HTTP Client says - ClientConnectorError: Cannot connect to host api.telegram.org:443 ssl:default [Превышен таймаут семафора]
2026-08-14 15:33:43,243 WARNING aiogram.dispatcher: Sleep for 5.121591 seconds and try again... (tryings = 25, bot id = 8940303755)
2026-08-14 15:39:14,416 ERROR aiogram.dispatcher: Failed to fetch updates - TelegramNetworkError: HTTP Client says - ClientConnectorError: Cannot connect to host api.telegram.org:443 ssl:default [Подключение к сети было разорвано локальной системой]
2026-08-14 15:39:14,873 WARNING aiogram.dispatcher: Sleep for 4.963706 seconds and try again... (tryings = 26, bot id = 8940303755)
2026-08-14 15:39:40,985 ERROR aiogram.dispatcher: Failed to fetch updates - TelegramNetworkError: HTTP Client says - ClientConnectorError: Cannot connect to host api.telegram.org:443 ssl:default [Превышен таймаут семафора]
2026-08-14 15:39:40,985 WARNING aiogram.dispatcher: Sleep for 4.993314 seconds and try again... (tryings = 27, bot id = 8940303755)
2026-08-14 15:40:07,049 ERROR aiogram.dispatcher: Failed to fetch updates - TelegramNetworkError: HTTP Client says - ClientConnectorError: Cannot connect to host api.telegram.org:443 ssl:default [Превышен таймаут семафора]
2026-08-14 15:40:07,050 WARNING aiogram.dispatcher: Sleep for 4.928980 seconds and try again... (tryings = 28, bot id = 8940303755)
2026-08-14 15:40:33,034 ERROR aiogram.dispatcher: Failed to fetch updates - TelegramNetworkError: HTTP Client says - ClientConnectorError: Cannot connect to host api.telegram.org:443 ssl:default [Превышен таймаут семафора]
2026-08-14 15:40:33,035 WARNING aiogram.dispatcher: Sleep for 5.145830 seconds and try again... (tryings = 29, bot id = 8940303755)
2026-08-14 15:40:59,218 ERROR aiogram.dispatcher: Failed to fetch updates - TelegramNetworkError: HTTP Client says - ClientConnectorError: Cannot connect to host api.telegram.org:443 ssl:default [Превышен таймаут семафора]
2026-08-14 15:40:59,218 WARNING aiogram.dispatcher: Sleep for 5.082364 seconds and try again... (tryings = 30, bot id = 8940303755)
2026-08-14 15:41:25,350 ERROR aiogram.dispatcher: Failed to fetch updates - TelegramNetworkError: HTTP Client says - ClientConnectorError: Cannot connect to host api.telegram.org:443 ssl:default [Превышен таймаут семафора]
2026-08-14 15:41:25,353 WARNING aiogram.dispatcher: Sleep for 4.976287 seconds and try again... (tryings = 31, bot id = 8940303755)
2026-08-14 15:41:51,369 ERROR aiogram.dispatcher: Failed to fetch updates - TelegramNetworkError: HTTP Client says - ClientConnectorError: Cannot connect to host api.telegram.org:443 ssl:default [Превышен таймаут семафора]
2026-08-14 15:41:51,371 WARNING aiogram.dispatcher: Sleep for 4.880975 seconds and try again... (tryings = 32, bot id = 8940303755)
2026-08-14 15:42:17,289 ERROR aiogram.dispatcher: Failed to fetch updates - TelegramNetworkError: HTTP Client says - ClientConnectorError: Cannot connect to host api.telegram.org:443 ssl:default [Превышен таймаут семафора]
2026-08-14 15:42:17,291 WARNING aiogram.dispatcher: Sleep for 5.217904 seconds and try again... (tryings = 33, bot id = 8940303755)
2026-08-14 15:43:10,917 INFO aiogram.dispatcher: Connection established (tryings = 34, bot id = 8940303755)
2026-08-14 15:51:57,444 ERROR aiogram.dispatcher: Failed to fetch updates - TelegramNetworkError: HTTP Client says - ClientConnectorError: Cannot connect to host api.telegram.org:443 ssl:default [Сетевая папка недоступна. За информацией о разрешении проблем в сети обратитесь к справочной системе Windows]
2026-08-14 15:51:57,449 WARNING aiogram.dispatcher: Sleep for 1.000000 seconds and try again... (tryings = 0, bot id = 8940303755)
2026-08-14 15:51:58,466 ERROR aiogram.dispatcher: Failed to fetch updates - TelegramNetworkError: HTTP Client says - ClientConnectorError: Cannot connect to host api.telegram.org:443 ssl:default [Сетевая папка недоступна. За информацией о разрешении проблем в сети обратитесь к справочной системе Windows]
2026-08-14 15:51:58,468 WARNING aiogram.dispatcher: Sleep for 1.186787 seconds and try again... (tryings = 1, bot id = 8940303755)
2026-08-14 15:51:59,672 ERROR aiogram.dispatcher: Failed to fetch updates - TelegramNetworkError: HTTP Client says - ClientConnectorError: Cannot connect to host api.telegram.org:443 ssl:default [Сетевая папка недоступна. За информацией о разрешении проблем в сети обратитесь к справочной системе Windows]
2026-08-14 15:51:59,674 WARNING aiogram.dispatcher: Sleep for 1.380094 seconds and try again... (tryings = 2, bot id = 8940303755)
2026-08-14 15:52:01,070 ERROR aiogram.dispatcher: Failed to fetch updates - TelegramNetworkError: HTTP Client says - ClientConnectorError: Cannot connect to host api.telegram.org:443 ssl:default [Сетевая папка недоступна. За информацией о разрешении проблем в сети обратитесь к справочной системе Windows]
2026-08-14 15:52:01,070 WARNING aiogram.dispatcher: Sleep for 1.710526 seconds and try again... (tryings = 3, bot id = 8940303755)
2026-08-14 15:55:38,293 ERROR aiogram.dispatcher: Failed to fetch updates - TelegramNetworkError: HTTP Client says - ClientConnectorError: Cannot connect to host api.telegram.org:443 ssl:default [Сетевая папка недоступна. За информацией о разрешении проблем в сети обратитесь к справочной системе Windows]
2026-08-14 15:55:38,303 WARNING aiogram.dispatcher: Sleep for 2.401775 seconds and try again... (tryings = 4, bot id = 8940303755)
2026-08-14 15:55:40,715 ERROR aiogram.dispatcher: Failed to fetch updates - TelegramNetworkError: HTTP Client says - ClientConnectorError: Cannot connect to host api.telegram.org:443 ssl:default [Сетевая папка недоступна. За информацией о разрешении проблем в сети обратитесь к справочной системе Windows]
2026-08-14 15:55:40,715 WARNING aiogram.dispatcher: Sleep for 3.238426 seconds and try again... (tryings = 5, bot id = 8940303755)
2026-08-14 17:06:41,806 ERROR aiogram.dispatcher: Failed to fetch updates - TelegramNetworkError: HTTP Client says - ClientConnectorDNSError: Cannot connect to host api.telegram.org:443 ssl:default [getaddrinfo failed]
2026-08-14 17:06:41,806 WARNING aiogram.dispatcher: Sleep for 4.221553 seconds and try again... (tryings = 6, bot id = 8940303755)
2026-08-14 17:06:46,038 ERROR aiogram.dispatcher: Failed to fetch updates - TelegramNetworkError: HTTP Client says - ClientConnectorDNSError: Cannot connect to host api.telegram.org:443 ssl:default [getaddrinfo failed]
2026-08-14 17:06:46,039 WARNING aiogram.dispatcher: Sleep for 5.012470 seconds and try again... (tryings = 7, bot id = 8940303755)
2026-08-14 17:07:01,617 INFO aiogram.dispatcher: Connection established (tryings = 8, bot id = 8940303755)
2026-08-14 17:12:14,305 ERROR aiogram.dispatcher: Failed to fetch updates - TelegramNetworkError: HTTP Client says - Request timeout error
2026-08-14 17:12:14,893 WARNING aiogram.dispatcher: Sleep for 1.000000 seconds and try again... (tryings = 0, bot id = 8940303755)
2026-08-14 17:12:26,538 INFO aiogram.dispatcher: Connection established (tryings = 1, bot id = 8940303755)
2026-08-14 17:39:33,199 ERROR aiogram.dispatcher: Failed to fetch updates - TelegramNetworkError: HTTP Client says - Request timeout error
2026-08-14 17:39:33,700 WARNING aiogram.dispatcher: Sleep for 1.000000 seconds and try again... (tryings = 0, bot id = 8940303755)
2026-08-14 17:39:45,426 INFO aiogram.dispatcher: Connection established (tryings = 1, bot id = 8940303755)
2026-08-14 18:07:30,619 ERROR aiogram.dispatcher: Failed to fetch updates - TelegramNetworkError: HTTP Client says - Request timeout error
2026-08-14 18:07:30,848 WARNING aiogram.dispatcher: Sleep for 1.000000 seconds and try again... (tryings = 0, bot id = 8940303755)
2026-08-14 18:07:31,911 ERROR aiogram.dispatcher: Failed to fetch updates - TelegramNetworkError: HTTP Client says - ClientConnectorDNSError: Cannot connect to host api.telegram.org:443 ssl:default [getaddrinfo failed]
2026-08-14 18:07:31,935 WARNING aiogram.dispatcher: Sleep for 1.354032 seconds and try again... (tryings = 1, bot id = 8940303755)
2026-08-14 18:07:33,310 ERROR aiogram.dispatcher: Failed to fetch updates - TelegramNetworkError: HTTP Client says - ClientConnectorDNSError: Cannot connect to host api.telegram.org:443 ssl:default [getaddrinfo failed]
2026-08-14 18:07:33,312 WARNING aiogram.dispatcher: Sleep for 1.643744 seconds and try again... (tryings = 2, bot id = 8940303755)
2026-08-14 18:07:34,961 ERROR aiogram.dispatcher: Failed to fetch updates - TelegramNetworkError: HTTP Client says - ClientConnectorDNSError: Cannot connect to host api.telegram.org:443 ssl:default [getaddrinfo failed]
2026-08-14 18:07:34,963 WARNING aiogram.dispatcher: Sleep for 2.035509 seconds and try again... (tryings = 3, bot id = 8940303755)
2026-08-14 18:37:27,191 ERROR aiogram.dispatcher: Failed to fetch updates - TelegramNetworkError: HTTP Client says - ClientConnectorDNSError: Cannot connect to host api.telegram.org:443 ssl:default [getaddrinfo failed]
2026-08-14 18:37:27,191 WARNING aiogram.dispatcher: Sleep for 2.568623 seconds and try again... (tryings = 4, bot id = 8940303755)
2026-08-14 18:37:29,767 ERROR aiogram.dispatcher: Failed to fetch updates - TelegramNetworkError: HTTP Client says - ClientConnectorDNSError: Cannot connect to host api.telegram.org:443 ssl:default [getaddrinfo failed]
2026-08-14 18:37:29,768 WARNING aiogram.dispatcher: Sleep for 3.422054 seconds and try again... (tryings = 5, bot id = 8940303755)
2026-08-14 18:37:33,204 ERROR aiogram.dispatcher: Failed to fetch updates - TelegramNetworkError: HTTP Client says - ClientConnectorDNSError: Cannot connect to host api.telegram.org:443 ssl:default [getaddrinfo failed]
2026-08-14 18:37:33,206 WARNING aiogram.dispatcher: Sleep for 4.438445 seconds and try again... (tryings = 6, bot id = 8940303755)
2026-08-14 18:37:37,663 ERROR aiogram.dispatcher: Failed to fetch updates - TelegramNetworkError: HTTP Client says - ClientConnectorDNSError: Cannot connect to host api.telegram.org:443 ssl:default [getaddrinfo failed]
2026-08-14 18:37:37,668 WARNING aiogram.dispatcher: Sleep for 4.918653 seconds and try again... (tryings = 7, bot id = 8940303755)
2026-08-14 18:37:42,603 ERROR aiogram.dispatcher: Failed to fetch updates - TelegramNetworkError: HTTP Client says - ClientConnectorDNSError: Cannot connect to host api.telegram.org:443 ssl:default [getaddrinfo failed]
2026-08-14 18:37:42,605 WARNING aiogram.dispatcher: Sleep for 5.018191 seconds and try again... (tryings = 8, bot id = 8940303755)
2026-08-14 18:37:47,639 ERROR aiogram.dispatcher: Failed to fetch updates - TelegramNetworkError: HTTP Client says - ClientConnectorDNSError: Cannot connect to host api.telegram.org:443 ssl:default [getaddrinfo failed]
2026-08-14 18:37:47,640 WARNING aiogram.dispatcher: Sleep for 5.092200 seconds and try again... (tryings = 9, bot id = 8940303755)
2026-08-14 18:37:52,739 ERROR aiogram.dispatcher: Failed to fetch updates - TelegramNetworkError: HTTP Client says - ClientConnectorDNSError: Cannot connect to host api.telegram.org:443 ssl:default [getaddrinfo failed]
2026-08-14 18:37:52,741 WARNING aiogram.dispatcher: Sleep for 5.185800 seconds and try again... (tryings = 10, bot id = 8940303755)
2026-08-14 18:37:57,943 ERROR aiogram.dispatcher: Failed to fetch updates - TelegramNetworkError: HTTP Client says - ClientConnectorDNSError: Cannot connect to host api.telegram.org:443 ssl:default [getaddrinfo failed]
2026-08-14 18:37:57,944 WARNING aiogram.dispatcher: Sleep for 5.020181 seconds and try again... (tryings = 11, bot id = 8940303755)
2026-08-14 18:38:02,970 ERROR aiogram.dispatcher: Failed to fetch updates - TelegramNetworkError: HTTP Client says - ClientConnectorDNSError: Cannot connect to host api.telegram.org:443 ssl:default [getaddrinfo failed]
2026-08-14 18:38:02,971 WARNING aiogram.dispatcher: Sleep for 5.050941 seconds and try again... (tryings = 12, bot id = 8940303755)
2026-08-14 18:38:08,041 ERROR aiogram.dispatcher: Failed to fetch updates - TelegramNetworkError: HTTP Client says - ClientConnectorDNSError: Cannot connect to host api.telegram.org:443 ssl:default [getaddrinfo failed]
2026-08-14 18:38:08,042 WARNING aiogram.dispatcher: Sleep for 4.942679 seconds and try again... (tryings = 13, bot id = 8940303755)
2026-08-14 18:38:13,005 ERROR aiogram.dispatcher: Failed to fetch updates - TelegramNetworkError: HTTP Client says - ClientConnectorDNSError: Cannot connect to host api.telegram.org:443 ssl:default [getaddrinfo failed]
2026-08-14 18:38:13,007 WARNING aiogram.dispatcher: Sleep for 5.124777 seconds and try again... (tryings = 14, bot id = 8940303755)
2026-08-14 18:38:18,150 ERROR aiogram.dispatcher: Failed to fetch updates - TelegramNetworkError: HTTP Client says - ClientConnectorDNSError: Cannot connect to host api.telegram.org:443 ssl:default [getaddrinfo failed]
2026-08-14 18:38:18,151 WARNING aiogram.dispatcher: Sleep for 4.926596 seconds and try again... (tryings = 15, bot id = 8940303755)
2026-08-14 18:38:23,093 ERROR aiogram.dispatcher: Failed to fetch updates - TelegramNetworkError: HTTP Client says - ClientConnectorDNSError: Cannot connect to host api.telegram.org:443 ssl:default [getaddrinfo failed]
2026-08-14 18:38:23,095 WARNING aiogram.dispatcher: Sleep for 5.171339 seconds and try again... (tryings = 16, bot id = 8940303755)
2026-08-14 18:38:28,288 ERROR aiogram.dispatcher: Failed to fetch updates - TelegramNetworkError: HTTP Client says - ClientConnectorDNSError: Cannot connect to host api.telegram.org:443 ssl:default [getaddrinfo failed]
2026-08-14 18:38:28,289 WARNING aiogram.dispatcher: Sleep for 5.055067 seconds and try again... (tryings = 17, bot id = 8940303755)
2026-08-14 18:38:44,140 INFO aiogram.dispatcher: Connection established (tryings = 18, bot id = 8940303755)
2026-08-14 18:48:23,218 ERROR aiogram.dispatcher: Failed to fetch updates - TelegramNetworkError: HTTP Client says - ClientConnectorError: Cannot connect to host api.telegram.org:443 ssl:default [Сетевая папка недоступна. За информацией о разрешении проблем в сети обратитесь к справочной системе Windows]
2026-08-14 18:48:23,313 WARNING aiogram.dispatcher: Sleep for 1.000000 seconds and try again... (tryings = 0, bot id = 8940303755)
2026-08-14 18:48:24,381 ERROR aiogram.dispatcher: Failed to fetch updates - TelegramNetworkError: HTTP Client says - ClientConnectorError: Cannot connect to host api.telegram.org:443 ssl:default [Сетевая папка недоступна. За информацией о разрешении проблем в сети обратитесь к справочной системе Windows]
2026-08-14 18:48:24,381 WARNING aiogram.dispatcher: Sleep for 1.163296 seconds and try again... (tryings = 1, bot id = 8940303755)
2026-08-14 18:48:25,568 ERROR aiogram.dispatcher: Failed to fetch updates - TelegramNetworkError: HTTP Client says - ClientConnectorError: Cannot connect to host api.telegram.org:443 ssl:default [Сетевая папка недоступна. За информацией о разрешении проблем в сети обратитесь к справочной системе Windows]
2026-08-14 18:48:25,568 WARNING aiogram.dispatcher: Sleep for 1.343206 seconds and try again... (tryings = 2, bot id = 8940303755)
2026-08-14 18:48:26,922 ERROR aiogram.dispatcher: Failed to fetch updates - TelegramNetworkError: HTTP Client says - ClientConnectorError: Cannot connect to host api.telegram.org:443 ssl:default [Сетевая папка недоступна. За информацией о разрешении проблем в сети обратитесь к справочной системе Windows]
2026-08-14 18:48:26,922 WARNING aiogram.dispatcher: Sleep for 1.672231 seconds and try again... (tryings = 3, bot id = 8940303755)
2026-08-14 18:50:36,792 ERROR aiogram.dispatcher: Failed to fetch updates - TelegramNetworkError: HTTP Client says - ClientConnectorError: Cannot connect to host api.telegram.org:443 ssl:default [Превышен таймаут семафора]
2026-08-14 18:50:36,794 WARNING aiogram.dispatcher: Sleep for 2.055689 seconds and try again... (tryings = 4, bot id = 8940303755)
2026-08-14 18:50:50,193 ERROR aiogram.dispatcher: Failed to fetch updates - TelegramNetworkError: HTTP Client says - ClientOSError: [WinError 1236] Подключение к сети было разорвано локальной системой
2026-08-14 18:50:50,265 WARNING aiogram.dispatcher: Sleep for 2.629985 seconds and try again... (tryings = 5, bot id = 8940303755)
2026-08-14 18:50:52,911 ERROR aiogram.dispatcher: Failed to fetch updates - TelegramNetworkError: HTTP Client says - ClientConnectorError: Cannot connect to host api.telegram.org:443 ssl:default [Сетевая папка недоступна. За информацией о разрешении проблем в сети обратитесь к справочной системе Windows]
2026-08-14 18:50:52,914 WARNING aiogram.dispatcher: Sleep for 3.309360 seconds and try again... (tryings = 6, bot id = 8940303755)
2026-08-14 18:51:07,939 INFO aiogram.dispatcher: Connection established (tryings = 7, bot id = 8940303755)
2026-08-14 19:41:34,513 INFO __main__: Bot ishga tushdi...
2026-08-14 19:41:35,303 INFO aiogram.dispatcher: Start polling
2026-08-14 19:41:35,305 INFO __main__: Fayl kuzatuvchi ishga tushdi: recordings
2026-08-14 19:41:35,517 INFO aiogram.dispatcher: Run polling for bot @xodim_intizom_bot id=8940303755 - 'intizom_uz_bot'
2026-08-14 19:57:23,517 ERROR aiogram.dispatcher: Failed to fetch updates - TelegramNetworkError: HTTP Client says - Request timeout error
2026-08-14 19:57:23,797 WARNING aiogram.dispatcher: Sleep for 1.000000 seconds and try again... (tryings = 0, bot id = 8940303755)
2026-08-14 19:57:25,052 ERROR aiogram.dispatcher: Failed to fetch updates - TelegramNetworkError: HTTP Client says - ClientConnectorError: Cannot connect to host api.telegram.org:443 ssl:default [Сетевая папка недоступна. За информацией о разрешении проблем в сети обратитесь к справочной системе Windows]
2026-08-14 19:57:25,060 WARNING aiogram.dispatcher: Sleep for 1.227373 seconds and try again... (tryings = 1, bot id = 8940303755)
2026-08-14 19:57:26,300 ERROR aiogram.dispatcher: Failed to fetch updates - TelegramNetworkError: HTTP Client says - ClientConnectorError: Cannot connect to host api.telegram.org:443 ssl:default [Сетевая папка недоступна. За информацией о разрешении проблем в сети обратитесь к справочной системе Windows]
2026-08-14 19:57:26,305 WARNING aiogram.dispatcher: Sleep for 1.526805 seconds and try again... (tryings = 2, bot id = 8940303755)
2026-08-14 19:57:27,842 ERROR aiogram.dispatcher: Failed to fetch updates - TelegramNetworkError: HTTP Client says - ClientConnectorError: Cannot connect to host api.telegram.org:443 ssl:default [Сетевая папка недоступна. За информацией о разрешении проблем в сети обратитесь к справочной системе Windows]
2026-08-14 19:57:27,842 WARNING aiogram.dispatcher: Sleep for 2.093698 seconds and try again... (tryings = 3, bot id = 8940303755)
2026-08-14 20:25:53,380 ERROR aiogram.dispatcher: Failed to fetch updates - TelegramNetworkError: HTTP Client says - ClientConnectorError: Cannot connect to host api.telegram.org:443 ssl:default [Сетевая папка недоступна. За информацией о разрешении проблем в сети обратитесь к справочной системе Windows]
2026-08-14 20:25:53,383 WARNING aiogram.dispatcher: Sleep for 2.705705 seconds and try again... (tryings = 4, bot id = 8940303755)
2026-08-14 20:25:56,098 ERROR aiogram.dispatcher: Failed to fetch updates - TelegramNetworkError: HTTP Client says - ClientConnectorError: Cannot connect to host api.telegram.org:443 ssl:default [Сетевая папка недоступна. За информацией о разрешении проблем в сети обратитесь к справочной системе Windows]
2026-08-14 20:25:56,103 WARNING aiogram.dispatcher: Sleep for 3.484233 seconds and try again... (tryings = 5, bot id = 8940303755)
2026-08-14 20:58:01,426 ERROR aiogram.dispatcher: Failed to fetch updates - TelegramNetworkError: HTTP Client says - ClientConnectorDNSError: Cannot connect to host api.telegram.org:443 ssl:default [getaddrinfo failed]
2026-08-14 20:58:01,438 WARNING aiogram.dispatcher: Sleep for 4.410315 seconds and try again... (tryings = 6, bot id = 8940303755)
2026-08-14 20:58:05,868 ERROR aiogram.dispatcher: Failed to fetch updates - TelegramNetworkError: HTTP Client says - ClientConnectorDNSError: Cannot connect to host api.telegram.org:443 ssl:default [getaddrinfo failed]
2026-08-14 20:58:05,872 WARNING aiogram.dispatcher: Sleep for 5.031846 seconds and try again... (tryings = 7, bot id = 8940303755)
2026-08-14 20:58:10,913 ERROR aiogram.dispatcher: Failed to fetch updates - TelegramNetworkError: HTTP Client says - ClientConnectorDNSError: Cannot connect to host api.telegram.org:443 ssl:default [getaddrinfo failed]
2026-08-14 20:58:10,913 WARNING aiogram.dispatcher: Sleep for 4.946388 seconds and try again... (tryings = 8, bot id = 8940303755)
2026-08-14 20:58:15,867 ERROR aiogram.dispatcher: Failed to fetch updates - TelegramNetworkError: HTTP Client says - ClientConnectorDNSError: Cannot connect to host api.telegram.org:443 ssl:default [getaddrinfo failed]
2026-08-14 20:58:15,869 WARNING aiogram.dispatcher: Sleep for 4.917531 seconds and try again... (tryings = 9, bot id = 8940303755)
2026-08-14 20:58:20,774 ERROR aiogram.dispatcher: Failed to fetch updates - TelegramNetworkError: HTTP Client says - ClientConnectorDNSError: Cannot connect to host api.telegram.org:443 ssl:default [getaddrinfo failed]
2026-08-14 20:58:20,774 WARNING aiogram.dispatcher: Sleep for 4.851006 seconds and try again... (tryings = 10, bot id = 8940303755)
2026-08-14 20:58:25,645 ERROR aiogram.dispatcher: Failed to fetch updates - TelegramNetworkError: HTTP Client says - ClientConnectorDNSError: Cannot connect to host api.telegram.org:443 ssl:default [getaddrinfo failed]
2026-08-14 20:58:25,647 WARNING aiogram.dispatcher: Sleep for 5.159755 seconds and try again... (tryings = 11, bot id = 8940303755)
2026-08-14 20:58:30,826 ERROR aiogram.dispatcher: Failed to fetch updates - TelegramNetworkError: HTTP Client says - ClientConnectorDNSError: Cannot connect to host api.telegram.org:443 ssl:default [getaddrinfo failed]
2026-08-14 20:58:30,830 WARNING aiogram.dispatcher: Sleep for 5.026296 seconds and try again... (tryings = 12, bot id = 8940303755)
2026-08-14 20:58:35,862 ERROR aiogram.dispatcher: Failed to fetch updates - TelegramNetworkError: HTTP Client says - ClientConnectorDNSError: Cannot connect to host api.telegram.org:443 ssl:default [getaddrinfo failed]
2026-08-14 20:58:35,862 WARNING aiogram.dispatcher: Sleep for 4.997961 seconds and try again... (tryings = 13, bot id = 8940303755)
2026-08-14 20:58:40,876 ERROR aiogram.dispatcher: Failed to fetch updates - TelegramNetworkError: HTTP Client says - ClientConnectorDNSError: Cannot connect to host api.telegram.org:443 ssl:default [getaddrinfo failed]
2026-08-14 20:58:40,876 WARNING aiogram.dispatcher: Sleep for 5.099881 seconds and try again... (tryings = 14, bot id = 8940303755)
2026-08-14 20:58:45,995 ERROR aiogram.dispatcher: Failed to fetch updates - TelegramNetworkError: HTTP Client says - ClientConnectorDNSError: Cannot connect to host api.telegram.org:443 ssl:default [getaddrinfo failed]
2026-08-14 20:58:45,998 WARNING aiogram.dispatcher: Sleep for 4.878576 seconds and try again... (tryings = 15, bot id = 8940303755)
2026-08-14 20:58:50,891 ERROR aiogram.dispatcher: Failed to fetch updates - TelegramNetworkError: HTTP Client says - ClientConnectorDNSError: Cannot connect to host api.telegram.org:443 ssl:default [getaddrinfo failed]
2026-08-14 20:58:50,891 WARNING aiogram.dispatcher: Sleep for 4.928480 seconds and try again... (tryings = 16, bot id = 8940303755)
2026-08-14 20:58:55,829 ERROR aiogram.dispatcher: Failed to fetch updates - TelegramNetworkError: HTTP Client says - ClientConnectorDNSError: Cannot connect to host api.telegram.org:443 ssl:default [getaddrinfo failed]
2026-08-14 20:58:55,829 WARNING aiogram.dispatcher: Sleep for 4.998925 seconds and try again... (tryings = 17, bot id = 8940303755)
2026-08-14 20:59:00,831 ERROR aiogram.dispatcher: Failed to fetch updates - TelegramNetworkError: HTTP Client says - ClientConnectorDNSError: Cannot connect to host api.telegram.org:443 ssl:default [getaddrinfo failed]
2026-08-14 20:59:00,832 WARNING aiogram.dispatcher: Sleep for 4.929467 seconds and try again... (tryings = 18, bot id = 8940303755)
2026-08-14 20:59:05,770 ERROR aiogram.dispatcher: Failed to fetch updates - TelegramNetworkError: HTTP Client says - ClientConnectorDNSError: Cannot connect to host api.telegram.org:443 ssl:default [getaddrinfo failed]
2026-08-14 20:59:05,771 WARNING aiogram.dispatcher: Sleep for 5.119773 seconds and try again... (tryings = 19, bot id = 8940303755)
2026-08-14 20:59:10,896 ERROR aiogram.dispatcher: Failed to fetch updates - TelegramNetworkError: HTTP Client says - ClientConnectorDNSError: Cannot connect to host api.telegram.org:443 ssl:default [getaddrinfo failed]
2026-08-14 20:59:10,897 WARNING aiogram.dispatcher: Sleep for 5.085085 seconds and try again... (tryings = 20, bot id = 8940303755)
2026-08-14 20:59:15,988 ERROR aiogram.dispatcher: Failed to fetch updates - TelegramNetworkError: HTTP Client says - ClientConnectorDNSError: Cannot connect to host api.telegram.org:443 ssl:default [getaddrinfo failed]
2026-08-14 20:59:15,989 WARNING aiogram.dispatcher: Sleep for 4.847209 seconds and try again... (tryings = 21, bot id = 8940303755)
2026-08-14 20:59:20,847 ERROR aiogram.dispatcher: Failed to fetch updates - TelegramNetworkError: HTTP Client says - ClientConnectorDNSError: Cannot connect to host api.telegram.org:443 ssl:default [getaddrinfo failed]
2026-08-14 20:59:20,848 WARNING aiogram.dispatcher: Sleep for 4.860338 seconds and try again... (tryings = 22, bot id = 8940303755)
2026-08-14 20:59:25,714 ERROR aiogram.dispatcher: Failed to fetch updates - TelegramNetworkError: HTTP Client says - ClientConnectorDNSError: Cannot connect to host api.telegram.org:443 ssl:default [getaddrinfo failed]
2026-08-14 20:59:25,715 WARNING aiogram.dispatcher: Sleep for 5.005529 seconds and try again... (tryings = 23, bot id = 8940303755)
2026-08-14 20:59:30,732 ERROR aiogram.dispatcher: Failed to fetch updates - TelegramNetworkError: HTTP Client says - ClientConnectorDNSError: Cannot connect to host api.telegram.org:443 ssl:default [getaddrinfo failed]
2026-08-14 20:59:30,733 WARNING aiogram.dispatcher: Sleep for 4.832350 seconds and try again... (tryings = 24, bot id = 8940303755)
2026-08-14 20:59:35,581 ERROR aiogram.dispatcher: Failed to fetch updates - TelegramNetworkError: HTTP Client says - ClientConnectorDNSError: Cannot connect to host api.telegram.org:443 ssl:default [getaddrinfo failed]
2026-08-14 20:59:35,582 WARNING aiogram.dispatcher: Sleep for 5.023942 seconds and try again... (tryings = 25, bot id = 8940303755)
2026-08-14 20:59:40,610 ERROR aiogram.dispatcher: Failed to fetch updates - TelegramNetworkError: HTTP Client says - ClientConnectorDNSError: Cannot connect to host api.telegram.org:443 ssl:default [getaddrinfo failed]
2026-08-14 20:59:40,613 WARNING aiogram.dispatcher: Sleep for 5.077411 seconds and try again... (tryings = 26, bot id = 8940303755)
2026-08-14 20:59:45,698 ERROR aiogram.dispatcher: Failed to fetch updates - TelegramNetworkError: HTTP Client says - ClientConnectorDNSError: Cannot connect to host api.telegram.org:443 ssl:default [getaddrinfo failed]
2026-08-14 20:59:45,699 WARNING aiogram.dispatcher: Sleep for 4.890922 seconds and try again... (tryings = 27, bot id = 8940303755)
2026-08-14 20:59:50,607 ERROR aiogram.dispatcher: Failed to fetch updates - TelegramNetworkError: HTTP Client says - ClientConnectorDNSError: Cannot connect to host api.telegram.org:443 ssl:default [getaddrinfo failed]
2026-08-14 20:59:50,607 WARNING aiogram.dispatcher: Sleep for 4.971601 seconds and try again... (tryings = 28, bot id = 8940303755)
2026-08-14 20:59:55,589 ERROR aiogram.dispatcher: Failed to fetch updates - TelegramNetworkError: HTTP Client says - ClientConnectorDNSError: Cannot connect to host api.telegram.org:443 ssl:default [getaddrinfo failed]
2026-08-14 20:59:55,589 WARNING aiogram.dispatcher: Sleep for 4.969254 seconds and try again... (tryings = 29, bot id = 8940303755)
2026-08-14 21:00:00,569 ERROR aiogram.dispatcher: Failed to fetch updates - TelegramNetworkError: HTTP Client says - ClientConnectorDNSError: Cannot connect to host api.telegram.org:443 ssl:default [getaddrinfo failed]
2026-08-14 21:00:00,570 WARNING aiogram.dispatcher: Sleep for 5.030516 seconds and try again... (tryings = 30, bot id = 8940303755)
2026-08-14 21:00:05,603 ERROR aiogram.dispatcher: Failed to fetch updates - TelegramNetworkError: HTTP Client says - ClientConnectorDNSError: Cannot connect to host api.telegram.org:443 ssl:default [getaddrinfo failed]
2026-08-14 21:00:05,604 WARNING aiogram.dispatcher: Sleep for 5.129490 seconds and try again... (tryings = 31, bot id = 8940303755)
2026-08-14 21:00:10,750 ERROR aiogram.dispatcher: Failed to fetch updates - TelegramNetworkError: HTTP Client says - ClientConnectorDNSError: Cannot connect to host api.telegram.org:443 ssl:default [getaddrinfo failed]
2026-08-14 21:00:10,751 WARNING aiogram.dispatcher: Sleep for 5.118037 seconds and try again... (tryings = 32, bot id = 8940303755)
2026-08-14 21:00:15,883 ERROR aiogram.dispatcher: Failed to fetch updates - TelegramNetworkError: HTTP Client says - ClientConnectorDNSError: Cannot connect to host api.telegram.org:443 ssl:default [getaddrinfo failed]
2026-08-14 21:00:15,884 WARNING aiogram.dispatcher: Sleep for 5.003835 seconds and try again... (tryings = 33, bot id = 8940303755)
2026-08-14 21:00:20,887 ERROR aiogram.dispatcher: Failed to fetch updates - TelegramNetworkError: HTTP Client says - ClientConnectorDNSError: Cannot connect to host api.telegram.org:443 ssl:default [getaddrinfo failed]
2026-08-14 21:00:20,889 WARNING aiogram.dispatcher: Sleep for 4.945423 seconds and try again... (tryings = 34, bot id = 8940303755)
2026-08-14 21:00:25,842 ERROR aiogram.dispatcher: Failed to fetch updates - TelegramNetworkError: HTTP Client says - ClientConnectorDNSError: Cannot connect to host api.telegram.org:443 ssl:default [getaddrinfo failed]
2026-08-14 21:00:25,843 WARNING aiogram.dispatcher: Sleep for 5.306862 seconds and try again... (tryings = 35, bot id = 8940303755)
2026-08-14 21:00:31,165 ERROR aiogram.dispatcher: Failed to fetch updates - TelegramNetworkError: HTTP Client says - ClientConnectorDNSError: Cannot connect to host api.telegram.org:443 ssl:default [getaddrinfo failed]
2026-08-14 21:00:31,165 WARNING aiogram.dispatcher: Sleep for 4.996514 seconds and try again... (tryings = 36, bot id = 8940303755)
2026-08-14 21:00:36,166 ERROR aiogram.dispatcher: Failed to fetch updates - TelegramNetworkError: HTTP Client says - ClientConnectorDNSError: Cannot connect to host api.telegram.org:443 ssl:default [getaddrinfo failed]
2026-08-14 21:00:36,167 WARNING aiogram.dispatcher: Sleep for 5.088974 seconds and try again... (tryings = 37, bot id = 8940303755)
2026-08-14 21:00:41,262 ERROR aiogram.dispatcher: Failed to fetch updates - TelegramNetworkError: HTTP Client says - ClientConnectorDNSError: Cannot connect to host api.telegram.org:443 ssl:default [getaddrinfo failed]
2026-08-14 21:00:41,265 WARNING aiogram.dispatcher: Sleep for 5.113735 seconds and try again... (tryings = 38, bot id = 8940303755)
2026-08-14 21:00:46,394 ERROR aiogram.dispatcher: Failed to fetch updates - TelegramNetworkError: HTTP Client says - ClientConnectorDNSError: Cannot connect to host api.telegram.org:443 ssl:default [getaddrinfo failed]
2026-08-14 21:00:46,394 WARNING aiogram.dispatcher: Sleep for 4.947420 seconds and try again... (tryings = 39, bot id = 8940303755)
2026-08-14 21:00:51,348 ERROR aiogram.dispatcher: Failed to fetch updates - TelegramNetworkError: HTTP Client says - ClientConnectorDNSError: Cannot connect to host api.telegram.org:443 ssl:default [getaddrinfo failed]
2026-08-14 21:00:51,348 WARNING aiogram.dispatcher: Sleep for 5.066400 seconds and try again... (tryings = 40, bot id = 8940303755)
2026-08-14 21:00:56,427 ERROR aiogram.dispatcher: Failed to fetch updates - TelegramNetworkError: HTTP Client says - ClientConnectorDNSError: Cannot connect to host api.telegram.org:443 ssl:default [getaddrinfo failed]
2026-08-14 21:00:56,427 WARNING aiogram.dispatcher: Sleep for 5.071141 seconds and try again... (tryings = 41, bot id = 8940303755)
2026-08-14 21:01:01,516 ERROR aiogram.dispatcher: Failed to fetch updates - TelegramNetworkError: HTTP Client says - ClientConnectorDNSError: Cannot connect to host api.telegram.org:443 ssl:default [getaddrinfo failed]
2026-08-14 21:01:01,516 WARNING aiogram.dispatcher: Sleep for 4.967244 seconds and try again... (tryings = 42, bot id = 8940303755)
2026-08-14 21:01:06,483 ERROR aiogram.dispatcher: Failed to fetch updates - TelegramNetworkError: HTTP Client says - ClientConnectorDNSError: Cannot connect to host api.telegram.org:443 ssl:default [getaddrinfo failed]
2026-08-14 21:01:06,483 WARNING aiogram.dispatcher: Sleep for 5.191312 seconds and try again... (tryings = 43, bot id = 8940303755)
2026-08-14 21:01:11,684 ERROR aiogram.dispatcher: Failed to fetch updates - TelegramNetworkError: HTTP Client says - ClientConnectorDNSError: Cannot connect to host api.telegram.org:443 ssl:default [getaddrinfo failed]
2026-08-14 21:01:11,684 WARNING aiogram.dispatcher: Sleep for 5.090101 seconds and try again... (tryings = 44, bot id = 8940303755)
2026-08-14 21:01:16,801 ERROR aiogram.dispatcher: Failed to fetch updates - TelegramNetworkError: HTTP Client says - ClientConnectorDNSError: Cannot connect to host api.telegram.org:443 ssl:default [getaddrinfo failed]
2026-08-14 21:01:16,802 WARNING aiogram.dispatcher: Sleep for 5.148667 seconds and try again... (tryings = 45, bot id = 8940303755)
2026-08-14 21:01:21,964 ERROR aiogram.dispatcher: Failed to fetch updates - TelegramNetworkError: HTTP Client says - ClientConnectorDNSError: Cannot connect to host api.telegram.org:443 ssl:default [getaddrinfo failed]
2026-08-14 21:01:21,966 WARNING aiogram.dispatcher: Sleep for 5.102474 seconds and try again... (tryings = 46, bot id = 8940303755)
2026-08-14 21:01:27,085 ERROR aiogram.dispatcher: Failed to fetch updates - TelegramNetworkError: HTTP Client says - ClientConnectorDNSError: Cannot connect to host api.telegram.org:443 ssl:default [getaddrinfo failed]
2026-08-14 21:01:27,085 WARNING aiogram.dispatcher: Sleep for 4.937528 seconds and try again... (tryings = 47, bot id = 8940303755)
2026-08-14 21:01:32,037 ERROR aiogram.dispatcher: Failed to fetch updates - TelegramNetworkError: HTTP Client says - ClientConnectorDNSError: Cannot connect to host api.telegram.org:443 ssl:default [getaddrinfo failed]
2026-08-14 21:01:32,038 WARNING aiogram.dispatcher: Sleep for 5.099499 seconds and try again... (tryings = 48, bot id = 8940303755)
2026-08-14 21:01:37,151 ERROR aiogram.dispatcher: Failed to fetch updates - TelegramNetworkError: HTTP Client says - ClientConnectorDNSError: Cannot connect to host api.telegram.org:443 ssl:default [getaddrinfo failed]
2026-08-14 21:01:37,151 WARNING aiogram.dispatcher: Sleep for 4.970025 seconds and try again... (tryings = 49, bot id = 8940303755)
2026-08-14 21:01:42,136 ERROR aiogram.dispatcher: Failed to fetch updates - TelegramNetworkError: HTTP Client says - ClientConnectorDNSError: Cannot connect to host api.telegram.org:443 ssl:default [getaddrinfo failed]
2026-08-14 21:01:42,137 WARNING aiogram.dispatcher: Sleep for 4.914832 seconds and try again... (tryings = 50, bot id = 8940303755)
2026-08-14 21:01:47,071 ERROR aiogram.dispatcher: Failed to fetch updates - TelegramNetworkError: HTTP Client says - ClientConnectorDNSError: Cannot connect to host api.telegram.org:443 ssl:default [getaddrinfo failed]
2026-08-14 21:01:47,072 WARNING aiogram.dispatcher: Sleep for 4.985022 seconds and try again... (tryings = 51, bot id = 8940303755)
2026-08-14 21:01:52,070 ERROR aiogram.dispatcher: Failed to fetch updates - TelegramNetworkError: HTTP Client says - ClientConnectorDNSError: Cannot connect to host api.telegram.org:443 ssl:default [getaddrinfo failed]
2026-08-14 21:01:52,071 WARNING aiogram.dispatcher: Sleep for 4.870144 seconds and try again... (tryings = 52, bot id = 8940303755)
2026-08-14 21:01:56,954 ERROR aiogram.dispatcher: Failed to fetch updates - TelegramNetworkError: HTTP Client says - ClientConnectorDNSError: Cannot connect to host api.telegram.org:443 ssl:default [getaddrinfo failed]
2026-08-14 21:01:56,955 WARNING aiogram.dispatcher: Sleep for 4.938107 seconds and try again... (tryings = 53, bot id = 8940303755)
2026-08-14 21:02:01,903 ERROR aiogram.dispatcher: Failed to fetch updates - TelegramNetworkError: HTTP Client says - ClientConnectorDNSError: Cannot connect to host api.telegram.org:443 ssl:default [getaddrinfo failed]
2026-08-14 21:02:01,906 WARNING aiogram.dispatcher: Sleep for 5.041578 seconds and try again... (tryings = 54, bot id = 8940303755)
2026-08-14 21:02:06,951 ERROR aiogram.dispatcher: Failed to fetch updates - TelegramNetworkError: HTTP Client says - ClientConnectorDNSError: Cannot connect to host api.telegram.org:443 ssl:default [getaddrinfo failed]
2026-08-14 21:02:06,951 WARNING aiogram.dispatcher: Sleep for 5.090367 seconds and try again... (tryings = 55, bot id = 8940303755)
2026-08-14 21:02:12,052 ERROR aiogram.dispatcher: Failed to fetch updates - TelegramNetworkError: HTTP Client says - ClientConnectorDNSError: Cannot connect to host api.telegram.org:443 ssl:default [getaddrinfo failed]
2026-08-14 21:02:12,052 WARNING aiogram.dispatcher: Sleep for 5.029688 seconds and try again... (tryings = 56, bot id = 8940303755)
2026-08-14 21:02:17,107 ERROR aiogram.dispatcher: Failed to fetch updates - TelegramNetworkError: HTTP Client says - ClientConnectorDNSError: Cannot connect to host api.telegram.org:443 ssl:default [getaddrinfo failed]
2026-08-14 21:02:17,108 WARNING aiogram.dispatcher: Sleep for 4.880597 seconds and try again... (tryings = 57, bot id = 8940303755)
2026-08-14 21:02:21,996 ERROR aiogram.dispatcher: Failed to fetch updates - TelegramNetworkError: HTTP Client says - ClientConnectorDNSError: Cannot connect to host api.telegram.org:443 ssl:default [getaddrinfo failed]
2026-08-14 21:02:21,996 WARNING aiogram.dispatcher: Sleep for 5.083035 seconds and try again... (tryings = 58, bot id = 8940303755)
2026-08-14 21:02:27,085 ERROR aiogram.dispatcher: Failed to fetch updates - TelegramNetworkError: HTTP Client says - ClientConnectorDNSError: Cannot connect to host api.telegram.org:443 ssl:default [getaddrinfo failed]
2026-08-14 21:02:27,089 WARNING aiogram.dispatcher: Sleep for 5.072798 seconds and try again... (tryings = 59, bot id = 8940303755)
2026-08-14 21:02:32,168 ERROR aiogram.dispatcher: Failed to fetch updates - TelegramNetworkError: HTTP Client says - ClientConnectorDNSError: Cannot connect to host api.telegram.org:443 ssl:default [getaddrinfo failed]
2026-08-14 21:02:32,170 WARNING aiogram.dispatcher: Sleep for 5.016161 seconds and try again... (tryings = 60, bot id = 8940303755)
2026-08-14 21:02:37,199 ERROR aiogram.dispatcher: Failed to fetch updates - TelegramNetworkError: HTTP Client says - ClientConnectorDNSError: Cannot connect to host api.telegram.org:443 ssl:default [getaddrinfo failed]
2026-08-14 21:02:37,202 WARNING aiogram.dispatcher: Sleep for 5.082187 seconds and try again... (tryings = 61, bot id = 8940303755)
2026-08-14 21:02:42,305 ERROR aiogram.dispatcher: Failed to fetch updates - TelegramNetworkError: HTTP Client says - ClientConnectorDNSError: Cannot connect to host api.telegram.org:443 ssl:default [getaddrinfo failed]
2026-08-14 21:02:42,307 WARNING aiogram.dispatcher: Sleep for 5.081032 seconds and try again... (tryings = 62, bot id = 8940303755)
2026-08-14 21:02:47,391 ERROR aiogram.dispatcher: Failed to fetch updates - TelegramNetworkError: HTTP Client says - ClientConnectorDNSError: Cannot connect to host api.telegram.org:443 ssl:default [getaddrinfo failed]
2026-08-14 21:02:47,391 WARNING aiogram.dispatcher: Sleep for 5.130633 seconds and try again... (tryings = 63, bot id = 8940303755)
2026-08-14 21:02:52,530 ERROR aiogram.dispatcher: Failed to fetch updates - TelegramNetworkError: HTTP Client says - ClientConnectorDNSError: Cannot connect to host api.telegram.org:443 ssl:default [getaddrinfo failed]
2026-08-14 21:02:52,530 WARNING aiogram.dispatcher: Sleep for 5.048503 seconds and try again... (tryings = 64, bot id = 8940303755)
2026-08-14 21:02:57,587 ERROR aiogram.dispatcher: Failed to fetch updates - TelegramNetworkError: HTTP Client says - ClientConnectorDNSError: Cannot connect to host api.telegram.org:443 ssl:default [getaddrinfo failed]
2026-08-14 21:02:57,587 WARNING aiogram.dispatcher: Sleep for 4.956491 seconds and try again... (tryings = 65, bot id = 8940303755)
2026-08-14 21:03:02,538 ERROR aiogram.dispatcher: Failed to fetch updates - TelegramNetworkError: HTTP Client says - ClientConnectorDNSError: Cannot connect to host api.telegram.org:443 ssl:default [getaddrinfo failed]
2026-08-14 21:03:02,538 WARNING aiogram.dispatcher: Sleep for 4.862735 seconds and try again... (tryings = 66, bot id = 8940303755)
2026-08-14 21:03:07,407 ERROR aiogram.dispatcher: Failed to fetch updates - TelegramNetworkError: HTTP Client says - ClientConnectorDNSError: Cannot connect to host api.telegram.org:443 ssl:default [getaddrinfo failed]
2026-08-14 21:03:07,407 WARNING aiogram.dispatcher: Sleep for 5.129685 seconds and try again... (tryings = 67, bot id = 8940303755)
2026-08-14 21:03:12,556 ERROR aiogram.dispatcher: Failed to fetch updates - TelegramNetworkError: HTTP Client says - ClientConnectorDNSError: Cannot connect to host api.telegram.org:443 ssl:default [getaddrinfo failed]
2026-08-14 21:03:12,558 WARNING aiogram.dispatcher: Sleep for 5.137466 seconds and try again... (tryings = 68, bot id = 8940303755)
2026-08-14 21:03:17,720 ERROR aiogram.dispatcher: Failed to fetch updates - TelegramNetworkError: HTTP Client says - ClientConnectorDNSError: Cannot connect to host api.telegram.org:443 ssl:default [getaddrinfo failed]
2026-08-14 21:03:17,720 WARNING aiogram.dispatcher: Sleep for 5.016250 seconds and try again... (tryings = 69, bot id = 8940303755)
2026-08-14 21:03:22,739 ERROR aiogram.dispatcher: Failed to fetch updates - TelegramNetworkError: HTTP Client says - ClientConnectorDNSError: Cannot connect to host api.telegram.org:443 ssl:default [getaddrinfo failed]
2026-08-14 21:03:22,742 WARNING aiogram.dispatcher: Sleep for 5.011275 seconds and try again... (tryings = 70, bot id = 8940303755)
2026-08-14 21:03:27,774 ERROR aiogram.dispatcher: Failed to fetch updates - TelegramNetworkError: HTTP Client says - ClientConnectorDNSError: Cannot connect to host api.telegram.org:443 ssl:default [getaddrinfo failed]
2026-08-14 21:03:27,774 WARNING aiogram.dispatcher: Sleep for 4.995284 seconds and try again... (tryings = 71, bot id = 8940303755)
2026-08-14 21:03:32,773 ERROR aiogram.dispatcher: Failed to fetch updates - TelegramNetworkError: HTTP Client says - ClientConnectorDNSError: Cannot connect to host api.telegram.org:443 ssl:default [getaddrinfo failed]
2026-08-14 21:03:32,773 WARNING aiogram.dispatcher: Sleep for 5.026248 seconds and try again... (tryings = 72, bot id = 8940303755)
2026-08-14 21:03:37,808 ERROR aiogram.dispatcher: Failed to fetch updates - TelegramNetworkError: HTTP Client says - ClientConnectorDNSError: Cannot connect to host api.telegram.org:443 ssl:default [getaddrinfo failed]
2026-08-14 21:03:37,808 WARNING aiogram.dispatcher: Sleep for 4.964680 seconds and try again... (tryings = 73, bot id = 8940303755)
2026-08-14 21:03:42,789 ERROR aiogram.dispatcher: Failed to fetch updates - TelegramNetworkError: HTTP Client says - ClientConnectorDNSError: Cannot connect to host api.telegram.org:443 ssl:default [getaddrinfo failed]
2026-08-14 21:03:42,791 WARNING aiogram.dispatcher: Sleep for 5.104915 seconds and try again... (tryings = 74, bot id = 8940303755)
2026-08-14 21:03:47,901 ERROR aiogram.dispatcher: Failed to fetch updates - TelegramNetworkError: HTTP Client says - ClientConnectorDNSError: Cannot connect to host api.telegram.org:443 ssl:default [getaddrinfo failed]
2026-08-14 21:03:47,901 WARNING aiogram.dispatcher: Sleep for 5.007788 seconds and try again... (tryings = 75, bot id = 8940303755)
2026-08-14 21:03:52,923 ERROR aiogram.dispatcher: Failed to fetch updates - TelegramNetworkError: HTTP Client says - ClientConnectorDNSError: Cannot connect to host api.telegram.org:443 ssl:default [getaddrinfo failed]
2026-08-14 21:03:52,923 WARNING aiogram.dispatcher: Sleep for 5.115717 seconds and try again... (tryings = 76, bot id = 8940303755)
2026-08-14 21:03:58,053 ERROR aiogram.dispatcher: Failed to fetch updates - TelegramNetworkError: HTTP Client says - ClientConnectorDNSError: Cannot connect to host api.telegram.org:443 ssl:default [getaddrinfo failed]
2026-08-14 21:03:58,057 WARNING aiogram.dispatcher: Sleep for 5.156019 seconds and try again... (tryings = 77, bot id = 8940303755)
2026-08-14 21:04:03,222 ERROR aiogram.dispatcher: Failed to fetch updates - TelegramNetworkError: HTTP Client says - ClientConnectorDNSError: Cannot connect to host api.telegram.org:443 ssl:default [getaddrinfo failed]
2026-08-14 21:04:03,222 WARNING aiogram.dispatcher: Sleep for 5.057149 seconds and try again... (tryings = 78, bot id = 8940303755)
2026-08-14 21:04:08,290 ERROR aiogram.dispatcher: Failed to fetch updates - TelegramNetworkError: HTTP Client says - ClientConnectorDNSError: Cannot connect to host api.telegram.org:443 ssl:default [getaddrinfo failed]
2026-08-14 21:04:08,290 WARNING aiogram.dispatcher: Sleep for 5.013531 seconds and try again... (tryings = 79, bot id = 8940303755)
2026-08-14 21:04:13,317 ERROR aiogram.dispatcher: Failed to fetch updates - TelegramNetworkError: HTTP Client says - ClientConnectorDNSError: Cannot connect to host api.telegram.org:443 ssl:default [getaddrinfo failed]
2026-08-14 21:04:13,317 WARNING aiogram.dispatcher: Sleep for 5.057160 seconds and try again... (tryings = 80, bot id = 8940303755)
2026-08-14 21:04:18,391 ERROR aiogram.dispatcher: Failed to fetch updates - TelegramNetworkError: HTTP Client says - ClientConnectorDNSError: Cannot connect to host api.telegram.org:443 ssl:default [getaddrinfo failed]
2026-08-14 21:04:18,391 WARNING aiogram.dispatcher: Sleep for 5.024389 seconds and try again... (tryings = 81, bot id = 8940303755)
2026-08-14 21:04:23,426 ERROR aiogram.dispatcher: Failed to fetch updates - TelegramNetworkError: HTTP Client says - ClientConnectorDNSError: Cannot connect to host api.telegram.org:443 ssl:default [getaddrinfo failed]
2026-08-14 21:04:23,426 WARNING aiogram.dispatcher: Sleep for 5.036984 seconds and try again... (tryings = 82, bot id = 8940303755)
2026-08-14 21:04:28,475 ERROR aiogram.dispatcher: Failed to fetch updates - TelegramNetworkError: HTTP Client says - ClientConnectorDNSError: Cannot connect to host api.telegram.org:443 ssl:default [getaddrinfo failed]
2026-08-14 21:04:28,475 WARNING aiogram.dispatcher: Sleep for 4.947569 seconds and try again... (tryings = 83, bot id = 8940303755)
2026-08-14 21:04:33,440 ERROR aiogram.dispatcher: Failed to fetch updates - TelegramNetworkError: HTTP Client says - ClientConnectorDNSError: Cannot connect to host api.telegram.org:443 ssl:default [getaddrinfo failed]
2026-08-14 21:04:33,445 WARNING aiogram.dispatcher: Sleep for 5.122157 seconds and try again... (tryings = 84, bot id = 8940303755)
2026-08-14 21:04:38,570 ERROR aiogram.dispatcher: Failed to fetch updates - TelegramNetworkError: HTTP Client says - ClientConnectorDNSError: Cannot connect to host api.telegram.org:443 ssl:default [getaddrinfo failed]
2026-08-14 21:04:38,570 WARNING aiogram.dispatcher: Sleep for 4.877190 seconds and try again... (tryings = 85, bot id = 8940303755)
2026-08-14 21:04:43,460 ERROR aiogram.dispatcher: Failed to fetch updates - TelegramNetworkError: HTTP Client says - ClientConnectorDNSError: Cannot connect to host api.telegram.org:443 ssl:default [getaddrinfo failed]
2026-08-14 21:04:43,460 WARNING aiogram.dispatcher: Sleep for 5.102790 seconds and try again... (tryings = 86, bot id = 8940303755)
2026-08-14 21:04:48,576 ERROR aiogram.dispatcher: Failed to fetch updates - TelegramNetworkError: HTTP Client says - ClientConnectorDNSError: Cannot connect to host api.telegram.org:443 ssl:default [getaddrinfo failed]
2026-08-14 21:04:48,576 WARNING aiogram.dispatcher: Sleep for 5.006392 seconds and try again... (tryings = 87, bot id = 8940303755)
2026-08-14 21:04:53,589 ERROR aiogram.dispatcher: Failed to fetch updates - TelegramNetworkError: HTTP Client says - ClientConnectorDNSError: Cannot connect to host api.telegram.org:443 ssl:default [getaddrinfo failed]
2026-08-14 21:04:53,589 WARNING aiogram.dispatcher: Sleep for 4.993067 seconds and try again... (tryings = 88, bot id = 8940303755)
2026-08-14 21:04:58,595 ERROR aiogram.dispatcher: Failed to fetch updates - TelegramNetworkError: HTTP Client says - ClientConnectorDNSError: Cannot connect to host api.telegram.org:443 ssl:default [getaddrinfo failed]
2026-08-14 21:04:58,595 WARNING aiogram.dispatcher: Sleep for 5.165254 seconds and try again... (tryings = 89, bot id = 8940303755)
2026-08-14 21:05:03,777 ERROR aiogram.dispatcher: Failed to fetch updates - TelegramNetworkError: HTTP Client says - ClientConnectorDNSError: Cannot connect to host api.telegram.org:443 ssl:default [getaddrinfo failed]
2026-08-14 21:05:03,777 WARNING aiogram.dispatcher: Sleep for 4.806120 seconds and try again... (tryings = 90, bot id = 8940303755)
2026-08-14 21:05:08,593 ERROR aiogram.dispatcher: Failed to fetch updates - TelegramNetworkError: HTTP Client says - ClientConnectorDNSError: Cannot connect to host api.telegram.org:443 ssl:default [getaddrinfo failed]
2026-08-14 21:05:08,596 WARNING aiogram.dispatcher: Sleep for 5.121321 seconds and try again... (tryings = 91, bot id = 8940303755)
2026-08-14 21:05:13,721 ERROR aiogram.dispatcher: Failed to fetch updates - TelegramNetworkError: HTTP Client says - ClientConnectorDNSError: Cannot connect to host api.telegram.org:443 ssl:default [getaddrinfo failed]
2026-08-14 21:05:13,722 WARNING aiogram.dispatcher: Sleep for 4.994417 seconds and try again... (tryings = 92, bot id = 8940303755)
2026-08-14 21:05:18,716 ERROR aiogram.dispatcher: Failed to fetch updates - TelegramNetworkError: HTTP Client says - ClientConnectorDNSError: Cannot connect to host api.telegram.org:443 ssl:default [getaddrinfo failed]
2026-08-14 21:05:18,718 WARNING aiogram.dispatcher: Sleep for 5.232471 seconds and try again... (tryings = 93, bot id = 8940303755)
2026-08-14 21:05:23,960 ERROR aiogram.dispatcher: Failed to fetch updates - TelegramNetworkError: HTTP Client says - ClientConnectorDNSError: Cannot connect to host api.telegram.org:443 ssl:default [getaddrinfo failed]
2026-08-14 21:05:23,961 WARNING aiogram.dispatcher: Sleep for 4.976363 seconds and try again... (tryings = 94, bot id = 8940303755)
2026-08-14 21:05:28,955 ERROR aiogram.dispatcher: Failed to fetch updates - TelegramNetworkError: HTTP Client says - ClientConnectorDNSError: Cannot connect to host api.telegram.org:443 ssl:default [getaddrinfo failed]
2026-08-14 21:05:28,957 WARNING aiogram.dispatcher: Sleep for 5.123236 seconds and try again... (tryings = 95, bot id = 8940303755)
2026-08-14 21:05:34,080 ERROR aiogram.dispatcher: Failed to fetch updates - TelegramNetworkError: HTTP Client says - ClientConnectorDNSError: Cannot connect to host api.telegram.org:443 ssl:default [getaddrinfo failed]
2026-08-14 21:05:34,082 WARNING aiogram.dispatcher: Sleep for 5.027441 seconds and try again... (tryings = 96, bot id = 8940303755)
2026-08-14 21:05:39,120 ERROR aiogram.dispatcher: Failed to fetch updates - TelegramNetworkError: HTTP Client says - ClientConnectorDNSError: Cannot connect to host api.telegram.org:443 ssl:default [getaddrinfo failed]
2026-08-14 21:05:39,121 WARNING aiogram.dispatcher: Sleep for 4.921194 seconds and try again... (tryings = 97, bot id = 8940303755)
2026-08-14 21:05:44,060 ERROR aiogram.dispatcher: Failed to fetch updates - TelegramNetworkError: HTTP Client says - ClientConnectorDNSError: Cannot connect to host api.telegram.org:443 ssl:default [getaddrinfo failed]
2026-08-14 21:05:44,061 WARNING aiogram.dispatcher: Sleep for 5.036361 seconds and try again... (tryings = 98, bot id = 8940303755)
2026-08-14 21:05:49,119 ERROR aiogram.dispatcher: Failed to fetch updates - TelegramNetworkError: HTTP Client says - ClientConnectorDNSError: Cannot connect to host api.telegram.org:443 ssl:default [getaddrinfo failed]
2026-08-14 21:05:49,120 WARNING aiogram.dispatcher: Sleep for 5.029118 seconds and try again... (tryings = 99, bot id = 8940303755)
2026-08-14 21:05:54,167 ERROR aiogram.dispatcher: Failed to fetch updates - TelegramNetworkError: HTTP Client says - ClientConnectorDNSError: Cannot connect to host api.telegram.org:443 ssl:default [getaddrinfo failed]
2026-08-14 21:05:54,168 WARNING aiogram.dispatcher: Sleep for 5.028512 seconds and try again... (tryings = 100, bot id = 8940303755)
2026-08-14 21:05:59,215 ERROR aiogram.dispatcher: Failed to fetch updates - TelegramNetworkError: HTTP Client says - ClientConnectorDNSError: Cannot connect to host api.telegram.org:443 ssl:default [getaddrinfo failed]
2026-08-14 21:05:59,216 WARNING aiogram.dispatcher: Sleep for 5.146131 seconds and try again... (tryings = 101, bot id = 8940303755)
2026-08-14 21:06:04,388 ERROR aiogram.dispatcher: Failed to fetch updates - TelegramNetworkError: HTTP Client says - ClientConnectorDNSError: Cannot connect to host api.telegram.org:443 ssl:default [getaddrinfo failed]
2026-08-14 21:06:04,388 WARNING aiogram.dispatcher: Sleep for 5.057005 seconds and try again... (tryings = 102, bot id = 8940303755)
2026-08-14 21:06:09,460 ERROR aiogram.dispatcher: Failed to fetch updates - TelegramNetworkError: HTTP Client says - ClientConnectorDNSError: Cannot connect to host api.telegram.org:443 ssl:default [getaddrinfo failed]
2026-08-14 21:06:09,462 WARNING aiogram.dispatcher: Sleep for 5.025655 seconds and try again... (tryings = 103, bot id = 8940303755)
2026-08-14 21:06:14,493 ERROR aiogram.dispatcher: Failed to fetch updates - TelegramNetworkError: HTTP Client says - ClientConnectorDNSError: Cannot connect to host api.telegram.org:443 ssl:default [getaddrinfo failed]
2026-08-14 21:06:14,493 WARNING aiogram.dispatcher: Sleep for 5.010577 seconds and try again... (tryings = 104, bot id = 8940303755)
2026-08-14 21:06:19,501 ERROR aiogram.dispatcher: Failed to fetch updates - TelegramNetworkError: HTTP Client says - ClientConnectorDNSError: Cannot connect to host api.telegram.org:443 ssl:default [getaddrinfo failed]
2026-08-14 21:06:19,501 WARNING aiogram.dispatcher: Sleep for 4.931268 seconds and try again... (tryings = 105, bot id = 8940303755)
2026-08-14 21:06:24,449 ERROR aiogram.dispatcher: Failed to fetch updates - TelegramNetworkError: HTTP Client says - ClientConnectorDNSError: Cannot connect to host api.telegram.org:443 ssl:default [getaddrinfo failed]
2026-08-14 21:06:24,449 WARNING aiogram.dispatcher: Sleep for 5.016701 seconds and try again... (tryings = 106, bot id = 8940303755)
2026-08-14 21:06:29,478 ERROR aiogram.dispatcher: Failed to fetch updates - TelegramNetworkError: HTTP Client says - ClientConnectorDNSError: Cannot connect to host api.telegram.org:443 ssl:default [getaddrinfo failed]
2026-08-14 21:06:29,479 WARNING aiogram.dispatcher: Sleep for 4.958080 seconds and try again... (tryings = 107, bot id = 8940303755)
2026-08-14 21:06:34,448 ERROR aiogram.dispatcher: Failed to fetch updates - TelegramNetworkError: HTTP Client says - ClientConnectorDNSError: Cannot connect to host api.telegram.org:443 ssl:default [getaddrinfo failed]
2026-08-14 21:06:34,450 WARNING aiogram.dispatcher: Sleep for 4.994387 seconds and try again... (tryings = 108, bot id = 8940303755)
2026-08-14 21:06:39,456 ERROR aiogram.dispatcher: Failed to fetch updates - TelegramNetworkError: HTTP Client says - ClientConnectorDNSError: Cannot connect to host api.telegram.org:443 ssl:default [getaddrinfo failed]
2026-08-14 21:06:39,457 WARNING aiogram.dispatcher: Sleep for 5.004404 seconds and try again... (tryings = 109, bot id = 8940303755)
2026-08-14 21:06:44,475 ERROR aiogram.dispatcher: Failed to fetch updates - TelegramNetworkError: HTTP Client says - ClientConnectorDNSError: Cannot connect to host api.telegram.org:443 ssl:default [getaddrinfo failed]
2026-08-14 21:06:44,475 WARNING aiogram.dispatcher: Sleep for 4.957560 seconds and try again... (tryings = 110, bot id = 8940303755)
2026-08-14 21:06:49,450 ERROR aiogram.dispatcher: Failed to fetch updates - TelegramNetworkError: HTTP Client says - ClientConnectorDNSError: Cannot connect to host api.telegram.org:443 ssl:default [getaddrinfo failed]
2026-08-14 21:06:49,451 WARNING aiogram.dispatcher: Sleep for 5.092696 seconds and try again... (tryings = 111, bot id = 8940303755)
2026-08-14 21:06:54,552 ERROR aiogram.dispatcher: Failed to fetch updates - TelegramNetworkError: HTTP Client says - ClientConnectorDNSError: Cannot connect to host api.telegram.org:443 ssl:default [getaddrinfo failed]
2026-08-14 21:06:54,552 WARNING aiogram.dispatcher: Sleep for 4.759141 seconds and try again... (tryings = 112, bot id = 8940303755)
2026-08-14 21:06:59,331 ERROR aiogram.dispatcher: Failed to fetch updates - TelegramNetworkError: HTTP Client says - ClientConnectorDNSError: Cannot connect to host api.telegram.org:443 ssl:default [getaddrinfo failed]
2026-08-14 21:06:59,332 WARNING aiogram.dispatcher: Sleep for 5.085726 seconds and try again... (tryings = 113, bot id = 8940303755)
2026-08-14 21:07:04,421 ERROR aiogram.dispatcher: Failed to fetch updates - TelegramNetworkError: HTTP Client says - ClientConnectorDNSError: Cannot connect to host api.telegram.org:443 ssl:default [getaddrinfo failed]
2026-08-14 21:07:04,422 WARNING aiogram.dispatcher: Sleep for 4.989376 seconds and try again... (tryings = 114, bot id = 8940303755)
2026-08-14 21:07:09,427 ERROR aiogram.dispatcher: Failed to fetch updates - TelegramNetworkError: HTTP Client says - ClientConnectorDNSError: Cannot connect to host api.telegram.org:443 ssl:default [getaddrinfo failed]
2026-08-14 21:07:09,428 WARNING aiogram.dispatcher: Sleep for 4.869742 seconds and try again... (tryings = 115, bot id = 8940303755)
2026-08-14 21:07:14,301 ERROR aiogram.dispatcher: Failed to fetch updates - TelegramNetworkError: HTTP Client says - ClientConnectorDNSError: Cannot connect to host api.telegram.org:443 ssl:default [getaddrinfo failed]
2026-08-14 21:07:14,302 WARNING aiogram.dispatcher: Sleep for 5.016147 seconds and try again... (tryings = 116, bot id = 8940303755)
2026-08-14 21:07:19,330 ERROR aiogram.dispatcher: Failed to fetch updates - TelegramNetworkError: HTTP Client says - ClientConnectorDNSError: Cannot connect to host api.telegram.org:443 ssl:default [getaddrinfo failed]
2026-08-14 21:07:19,332 WARNING aiogram.dispatcher: Sleep for 5.167806 seconds and try again... (tryings = 117, bot id = 8940303755)
2026-08-14 21:07:24,516 ERROR aiogram.dispatcher: Failed to fetch updates - TelegramNetworkError: HTTP Client says - ClientConnectorDNSError: Cannot connect to host api.telegram.org:443 ssl:default [getaddrinfo failed]
2026-08-14 21:07:24,517 WARNING aiogram.dispatcher: Sleep for 4.984490 seconds and try again... (tryings = 118, bot id = 8940303755)
2026-08-14 21:07:29,519 ERROR aiogram.dispatcher: Failed to fetch updates - TelegramNetworkError: HTTP Client says - ClientConnectorDNSError: Cannot connect to host api.telegram.org:443 ssl:default [getaddrinfo failed]
2026-08-14 21:07:29,520 WARNING aiogram.dispatcher: Sleep for 4.948193 seconds and try again... (tryings = 119, bot id = 8940303755)
2026-08-14 21:07:34,475 ERROR aiogram.dispatcher: Failed to fetch updates - TelegramNetworkError: HTTP Client says - ClientConnectorDNSError: Cannot connect to host api.telegram.org:443 ssl:default [getaddrinfo failed]
2026-08-14 21:07:34,476 WARNING aiogram.dispatcher: Sleep for 5.003754 seconds and try again... (tryings = 120, bot id = 8940303755)
2026-08-14 21:07:39,498 ERROR aiogram.dispatcher: Failed to fetch updates - TelegramNetworkError: HTTP Client says - ClientConnectorDNSError: Cannot connect to host api.telegram.org:443 ssl:default [getaddrinfo failed]
2026-08-14 21:07:39,500 WARNING aiogram.dispatcher: Sleep for 4.939405 seconds and try again... (tryings = 121, bot id = 8940303755)
2026-08-14 21:07:44,444 ERROR aiogram.dispatcher: Failed to fetch updates - TelegramNetworkError: HTTP Client says - ClientConnectorDNSError: Cannot connect to host api.telegram.org:443 ssl:default [getaddrinfo failed]
2026-08-14 21:07:44,447 WARNING aiogram.dispatcher: Sleep for 5.077316 seconds and try again... (tryings = 122, bot id = 8940303755)
2026-08-14 21:07:49,527 ERROR aiogram.dispatcher: Failed to fetch updates - TelegramNetworkError: HTTP Client says - ClientConnectorDNSError: Cannot connect to host api.telegram.org:443 ssl:default [getaddrinfo failed]
2026-08-14 21:07:49,527 WARNING aiogram.dispatcher: Sleep for 5.170037 seconds and try again... (tryings = 123, bot id = 8940303755)
2026-08-14 21:07:54,705 ERROR aiogram.dispatcher: Failed to fetch updates - TelegramNetworkError: HTTP Client says - ClientConnectorDNSError: Cannot connect to host api.telegram.org:443 ssl:default [getaddrinfo failed]
2026-08-14 21:07:54,705 WARNING aiogram.dispatcher: Sleep for 5.047146 seconds and try again... (tryings = 124, bot id = 8940303755)
2026-08-14 21:07:59,763 ERROR aiogram.dispatcher: Failed to fetch updates - TelegramNetworkError: HTTP Client says - ClientConnectorDNSError: Cannot connect to host api.telegram.org:443 ssl:default [getaddrinfo failed]
2026-08-14 21:07:59,763 WARNING aiogram.dispatcher: Sleep for 4.923573 seconds and try again... (tryings = 125, bot id = 8940303755)
2026-08-14 21:08:04,693 ERROR aiogram.dispatcher: Failed to fetch updates - TelegramNetworkError: HTTP Client says - ClientConnectorDNSError: Cannot connect to host api.telegram.org:443 ssl:default [getaddrinfo failed]
2026-08-14 21:08:04,693 WARNING aiogram.dispatcher: Sleep for 4.963254 seconds and try again... (tryings = 126, bot id = 8940303755)
2026-08-14 21:08:09,661 ERROR aiogram.dispatcher: Failed to fetch updates - TelegramNetworkError: HTTP Client says - ClientConnectorDNSError: Cannot connect to host api.telegram.org:443 ssl:default [getaddrinfo failed]
2026-08-14 21:08:09,663 WARNING aiogram.dispatcher: Sleep for 4.921336 seconds and try again... (tryings = 127, bot id = 8940303755)
2026-08-14 21:08:14,595 ERROR aiogram.dispatcher: Failed to fetch updates - TelegramNetworkError: HTTP Client says - ClientConnectorDNSError: Cannot connect to host api.telegram.org:443 ssl:default [getaddrinfo failed]
2026-08-14 21:08:14,599 WARNING aiogram.dispatcher: Sleep for 5.046442 seconds and try again... (tryings = 128, bot id = 8940303755)
2026-08-14 21:08:19,646 ERROR aiogram.dispatcher: Failed to fetch updates - TelegramNetworkError: HTTP Client says - ClientConnectorDNSError: Cannot connect to host api.telegram.org:443 ssl:default [getaddrinfo failed]
2026-08-14 21:08:19,646 WARNING aiogram.dispatcher: Sleep for 4.923635 seconds and try again... (tryings = 129, bot id = 8940303755)
2026-08-14 21:08:24,582 ERROR aiogram.dispatcher: Failed to fetch updates - TelegramNetworkError: HTTP Client says - ClientConnectorDNSError: Cannot connect to host api.telegram.org:443 ssl:default [getaddrinfo failed]
2026-08-14 21:08:24,582 WARNING aiogram.dispatcher: Sleep for 4.829977 seconds and try again... (tryings = 130, bot id = 8940303755)
2026-08-14 21:08:29,429 ERROR aiogram.dispatcher: Failed to fetch updates - TelegramNetworkError: HTTP Client says - ClientConnectorDNSError: Cannot connect to host api.telegram.org:443 ssl:default [getaddrinfo failed]
2026-08-14 21:08:29,429 WARNING aiogram.dispatcher: Sleep for 4.975866 seconds and try again... (tryings = 131, bot id = 8940303755)
2026-08-14 21:08:34,413 ERROR aiogram.dispatcher: Failed to fetch updates - TelegramNetworkError: HTTP Client says - ClientConnectorDNSError: Cannot connect to host api.telegram.org:443 ssl:default [getaddrinfo failed]
2026-08-14 21:08:34,413 WARNING aiogram.dispatcher: Sleep for 5.159105 seconds and try again... (tryings = 132, bot id = 8940303755)
2026-08-14 21:08:39,579 ERROR aiogram.dispatcher: Failed to fetch updates - TelegramNetworkError: HTTP Client says - ClientConnectorDNSError: Cannot connect to host api.telegram.org:443 ssl:default [getaddrinfo failed]
2026-08-14 21:08:39,579 WARNING aiogram.dispatcher: Sleep for 4.915642 seconds and try again... (tryings = 133, bot id = 8940303755)
2026-08-14 21:08:44,513 ERROR aiogram.dispatcher: Failed to fetch updates - TelegramNetworkError: HTTP Client says - ClientConnectorDNSError: Cannot connect to host api.telegram.org:443 ssl:default [getaddrinfo failed]
2026-08-14 21:08:44,513 WARNING aiogram.dispatcher: Sleep for 5.080335 seconds and try again... (tryings = 134, bot id = 8940303755)
2026-08-14 21:08:49,597 ERROR aiogram.dispatcher: Failed to fetch updates - TelegramNetworkError: HTTP Client says - ClientConnectorDNSError: Cannot connect to host api.telegram.org:443 ssl:default [getaddrinfo failed]
2026-08-14 21:08:49,597 WARNING aiogram.dispatcher: Sleep for 5.028378 seconds and try again... (tryings = 135, bot id = 8940303755)
2026-08-14 21:08:54,630 ERROR aiogram.dispatcher: Failed to fetch updates - TelegramNetworkError: HTTP Client says - ClientConnectorDNSError: Cannot connect to host api.telegram.org:443 ssl:default [getaddrinfo failed]
2026-08-14 21:08:54,630 WARNING aiogram.dispatcher: Sleep for 5.170134 seconds and try again... (tryings = 136, bot id = 8940303755)
2026-08-14 21:08:59,813 ERROR aiogram.dispatcher: Failed to fetch updates - TelegramNetworkError: HTTP Client says - ClientConnectorDNSError: Cannot connect to host api.telegram.org:443 ssl:default [getaddrinfo failed]
2026-08-14 21:08:59,813 WARNING aiogram.dispatcher: Sleep for 5.035951 seconds and try again... (tryings = 137, bot id = 8940303755)
2026-08-14 21:09:04,852 ERROR aiogram.dispatcher: Failed to fetch updates - TelegramNetworkError: HTTP Client says - ClientConnectorDNSError: Cannot connect to host api.telegram.org:443 ssl:default [getaddrinfo failed]
2026-08-14 21:09:04,853 WARNING aiogram.dispatcher: Sleep for 5.046992 seconds and try again... (tryings = 138, bot id = 8940303755)
2026-08-14 21:09:09,915 ERROR aiogram.dispatcher: Failed to fetch updates - TelegramNetworkError: HTTP Client says - ClientConnectorDNSError: Cannot connect to host api.telegram.org:443 ssl:default [getaddrinfo failed]
2026-08-14 21:09:09,915 WARNING aiogram.dispatcher: Sleep for 4.969807 seconds and try again... (tryings = 139, bot id = 8940303755)
2026-08-14 21:09:14,901 ERROR aiogram.dispatcher: Failed to fetch updates - TelegramNetworkError: HTTP Client says - ClientConnectorDNSError: Cannot connect to host api.telegram.org:443 ssl:default [getaddrinfo failed]
2026-08-14 21:09:14,903 WARNING aiogram.dispatcher: Sleep for 5.084164 seconds and try again... (tryings = 140, bot id = 8940303755)
2026-08-14 21:09:20,014 ERROR aiogram.dispatcher: Failed to fetch updates - TelegramNetworkError: HTTP Client says - ClientConnectorDNSError: Cannot connect to host api.telegram.org:443 ssl:default [getaddrinfo failed]
2026-08-14 21:09:20,014 WARNING aiogram.dispatcher: Sleep for 4.955372 seconds and try again... (tryings = 141, bot id = 8940303755)
2026-08-14 21:09:24,984 ERROR aiogram.dispatcher: Failed to fetch updates - TelegramNetworkError: HTTP Client says - ClientConnectorDNSError: Cannot connect to host api.telegram.org:443 ssl:default [getaddrinfo failed]
2026-08-14 21:09:24,985 WARNING aiogram.dispatcher: Sleep for 4.925709 seconds and try again... (tryings = 142, bot id = 8940303755)
2026-08-14 21:09:29,930 ERROR aiogram.dispatcher: Failed to fetch updates - TelegramNetworkError: HTTP Client says - ClientConnectorDNSError: Cannot connect to host api.telegram.org:443 ssl:default [getaddrinfo failed]
2026-08-14 21:09:29,930 WARNING aiogram.dispatcher: Sleep for 5.001961 seconds and try again... (tryings = 143, bot id = 8940303755)
2026-08-14 21:09:34,930 ERROR aiogram.dispatcher: Failed to fetch updates - TelegramNetworkError: HTTP Client says - ClientConnectorDNSError: Cannot connect to host api.telegram.org:443 ssl:default [getaddrinfo failed]
2026-08-14 21:09:34,930 WARNING aiogram.dispatcher: Sleep for 5.011141 seconds and try again... (tryings = 144, bot id = 8940303755)
2026-08-14 21:09:39,949 ERROR aiogram.dispatcher: Failed to fetch updates - TelegramNetworkError: HTTP Client says - ClientConnectorDNSError: Cannot connect to host api.telegram.org:443 ssl:default [getaddrinfo failed]
2026-08-14 21:09:39,949 WARNING aiogram.dispatcher: Sleep for 4.964049 seconds and try again... (tryings = 145, bot id = 8940303755)
2026-08-14 21:09:44,929 ERROR aiogram.dispatcher: Failed to fetch updates - TelegramNetworkError: HTTP Client says - ClientConnectorDNSError: Cannot connect to host api.telegram.org:443 ssl:default [getaddrinfo failed]
2026-08-14 21:09:44,929 WARNING aiogram.dispatcher: Sleep for 5.000659 seconds and try again... (tryings = 146, bot id = 8940303755)
2026-08-14 21:09:49,951 ERROR aiogram.dispatcher: Failed to fetch updates - TelegramNetworkError: HTTP Client says - ClientConnectorDNSError: Cannot connect to host api.telegram.org:443 ssl:default [getaddrinfo failed]
2026-08-14 21:09:49,951 WARNING aiogram.dispatcher: Sleep for 4.952206 seconds and try again... (tryings = 147, bot id = 8940303755)
2026-08-14 21:09:54,913 ERROR aiogram.dispatcher: Failed to fetch updates - TelegramNetworkError: HTTP Client says - ClientConnectorDNSError: Cannot connect to host api.telegram.org:443 ssl:default [getaddrinfo failed]
2026-08-14 21:09:54,917 WARNING aiogram.dispatcher: Sleep for 5.031863 seconds and try again... (tryings = 148, bot id = 8940303755)
2026-08-14 21:09:59,952 ERROR aiogram.dispatcher: Failed to fetch updates - TelegramNetworkError: HTTP Client says - ClientConnectorDNSError: Cannot connect to host api.telegram.org:443 ssl:default [getaddrinfo failed]
2026-08-14 21:09:59,952 WARNING aiogram.dispatcher: Sleep for 5.236722 seconds and try again... (tryings = 149, bot id = 8940303755)
2026-08-14 21:10:05,201 ERROR aiogram.dispatcher: Failed to fetch updates - TelegramNetworkError: HTTP Client says - ClientConnectorDNSError: Cannot connect to host api.telegram.org:443 ssl:default [getaddrinfo failed]
2026-08-14 21:10:05,201 WARNING aiogram.dispatcher: Sleep for 4.923058 seconds and try again... (tryings = 150, bot id = 8940303755)
2026-08-14 21:10:10,136 ERROR aiogram.dispatcher: Failed to fetch updates - TelegramNetworkError: HTTP Client says - ClientConnectorDNSError: Cannot connect to host api.telegram.org:443 ssl:default [getaddrinfo failed]
2026-08-14 21:10:10,136 WARNING aiogram.dispatcher: Sleep for 4.871910 seconds and try again... (tryings = 151, bot id = 8940303755)
2026-08-14 21:10:15,019 ERROR aiogram.dispatcher: Failed to fetch updates - TelegramNetworkError: HTTP Client says - ClientConnectorDNSError: Cannot connect to host api.telegram.org:443 ssl:default [getaddrinfo failed]
2026-08-14 21:10:15,019 WARNING aiogram.dispatcher: Sleep for 5.165215 seconds and try again... (tryings = 152, bot id = 8940303755)
2026-08-14 21:10:20,201 ERROR aiogram.dispatcher: Failed to fetch updates - TelegramNetworkError: HTTP Client says - ClientConnectorDNSError: Cannot connect to host api.telegram.org:443 ssl:default [getaddrinfo failed]
2026-08-14 21:10:20,201 WARNING aiogram.dispatcher: Sleep for 4.946197 seconds and try again... (tryings = 153, bot id = 8940303755)
2026-08-14 21:10:25,156 ERROR aiogram.dispatcher: Failed to fetch updates - TelegramNetworkError: HTTP Client says - ClientConnectorDNSError: Cannot connect to host api.telegram.org:443 ssl:default [getaddrinfo failed]
2026-08-14 21:10:25,156 WARNING aiogram.dispatcher: Sleep for 4.954238 seconds and try again... (tryings = 154, bot id = 8940303755)
2026-08-14 21:10:40,965 INFO aiogram.dispatcher: Connection established (tryings = 155, bot id = 8940303755)
2026-08-14 22:07:57,029 ERROR aiogram.dispatcher: Failed to fetch updates - TelegramNetworkError: HTTP Client says - Request timeout error
2026-08-14 22:07:57,194 WARNING aiogram.dispatcher: Sleep for 1.000000 seconds and try again... (tryings = 0, bot id = 8940303755)
2026-08-14 22:07:58,308 ERROR aiogram.dispatcher: Failed to fetch updates - TelegramNetworkError: HTTP Client says - ClientConnectorError: Cannot connect to host api.telegram.org:443 ssl:default [Сетевая папка недоступна. За информацией о разрешении проблем в сети обратитесь к справочной системе Windows]
2026-08-14 22:07:58,319 WARNING aiogram.dispatcher: Sleep for 1.292742 seconds and try again... (tryings = 1, bot id = 8940303755)
2026-08-14 22:07:59,629 ERROR aiogram.dispatcher: Failed to fetch updates - TelegramNetworkError: HTTP Client says - ClientConnectorError: Cannot connect to host api.telegram.org:443 ssl:default [Сетевая папка недоступна. За информацией о разрешении проблем в сети обратитесь к справочной системе Windows]
2026-08-14 22:07:59,662 WARNING aiogram.dispatcher: Sleep for 1.801454 seconds and try again... (tryings = 2, bot id = 8940303755)
2026-08-14 22:21:23,407 ERROR aiogram.dispatcher: Failed to fetch updates - TelegramNetworkError: HTTP Client says - ClientConnectorDNSError: Cannot connect to host api.telegram.org:443 ssl:default [getaddrinfo failed]
2026-08-14 22:21:23,422 WARNING aiogram.dispatcher: Sleep for 2.341219 seconds and try again... (tryings = 3, bot id = 8940303755)
2026-08-14 22:21:25,876 ERROR aiogram.dispatcher: Failed to fetch updates - TelegramNetworkError: HTTP Client says - ClientConnectorDNSError: Cannot connect to host api.telegram.org:443 ssl:default [getaddrinfo failed]
2026-08-14 22:21:25,878 WARNING aiogram.dispatcher: Sleep for 3.040463 seconds and try again... (tryings = 4, bot id = 8940303755)
2026-08-14 22:21:28,935 ERROR aiogram.dispatcher: Failed to fetch updates - TelegramNetworkError: HTTP Client says - ClientConnectorDNSError: Cannot connect to host api.telegram.org:443 ssl:default [getaddrinfo failed]
2026-08-14 22:21:28,938 WARNING aiogram.dispatcher: Sleep for 4.023168 seconds and try again... (tryings = 5, bot id = 8940303755)
2026-08-14 22:21:32,995 ERROR aiogram.dispatcher: Failed to fetch updates - TelegramNetworkError: HTTP Client says - ClientConnectorDNSError: Cannot connect to host api.telegram.org:443 ssl:default [getaddrinfo failed]
2026-08-14 22:21:33,009 WARNING aiogram.dispatcher: Sleep for 5.077729 seconds and try again... (tryings = 6, bot id = 8940303755)
2026-08-14 22:21:38,096 ERROR aiogram.dispatcher: Failed to fetch updates - TelegramNetworkError: HTTP Client says - ClientConnectorDNSError: Cannot connect to host api.telegram.org:443 ssl:default [getaddrinfo failed]
2026-08-14 22:21:38,097 WARNING aiogram.dispatcher: Sleep for 4.999995 seconds and try again... (tryings = 7, bot id = 8940303755)
2026-08-14 22:21:43,116 ERROR aiogram.dispatcher: Failed to fetch updates - TelegramNetworkError: HTTP Client says - ClientConnectorDNSError: Cannot connect to host api.telegram.org:443 ssl:default [getaddrinfo failed]
2026-08-14 22:21:43,123 WARNING aiogram.dispatcher: Sleep for 4.857938 seconds and try again... (tryings = 8, bot id = 8940303755)
2026-08-14 22:21:47,996 ERROR aiogram.dispatcher: Failed to fetch updates - TelegramNetworkError: HTTP Client says - ClientConnectorDNSError: Cannot connect to host api.telegram.org:443 ssl:default [getaddrinfo failed]
2026-08-14 22:21:47,999 WARNING aiogram.dispatcher: Sleep for 5.146223 seconds and try again... (tryings = 9, bot id = 8940303755)
2026-08-14 22:21:53,155 ERROR aiogram.dispatcher: Failed to fetch updates - TelegramNetworkError: HTTP Client says - ClientConnectorDNSError: Cannot connect to host api.telegram.org:443 ssl:default [getaddrinfo failed]
2026-08-14 22:21:53,156 WARNING aiogram.dispatcher: Sleep for 5.153414 seconds and try again... (tryings = 10, bot id = 8940303755)
2026-08-14 22:21:58,316 ERROR aiogram.dispatcher: Failed to fetch updates - TelegramNetworkError: HTTP Client says - ClientConnectorDNSError: Cannot connect to host api.telegram.org:443 ssl:default [getaddrinfo failed]
2026-08-14 22:21:58,318 WARNING aiogram.dispatcher: Sleep for 5.017075 seconds and try again... (tryings = 11, bot id = 8940303755)
2026-08-14 22:22:03,351 ERROR aiogram.dispatcher: Failed to fetch updates - TelegramNetworkError: HTTP Client says - ClientConnectorDNSError: Cannot connect to host api.telegram.org:443 ssl:default [getaddrinfo failed]
2026-08-14 22:22:03,353 WARNING aiogram.dispatcher: Sleep for 4.958893 seconds and try again... (tryings = 12, bot id = 8940303755)
2026-08-14 22:22:08,329 ERROR aiogram.dispatcher: Failed to fetch updates - TelegramNetworkError: HTTP Client says - ClientConnectorDNSError: Cannot connect to host api.telegram.org:443 ssl:default [getaddrinfo failed]
2026-08-14 22:22:08,333 WARNING aiogram.dispatcher: Sleep for 5.168981 seconds and try again... (tryings = 13, bot id = 8940303755)
2026-08-14 22:22:13,504 ERROR aiogram.dispatcher: Failed to fetch updates - TelegramNetworkError: HTTP Client says - ClientConnectorDNSError: Cannot connect to host api.telegram.org:443 ssl:default [getaddrinfo failed]
2026-08-14 22:22:13,504 WARNING aiogram.dispatcher: Sleep for 4.971472 seconds and try again... (tryings = 14, bot id = 8940303755)
2026-08-14 22:22:18,488 ERROR aiogram.dispatcher: Failed to fetch updates - TelegramNetworkError: HTTP Client says - ClientConnectorDNSError: Cannot connect to host api.telegram.org:443 ssl:default [getaddrinfo failed]
2026-08-14 22:22:18,488 WARNING aiogram.dispatcher: Sleep for 4.869598 seconds and try again... (tryings = 15, bot id = 8940303755)
2026-08-14 22:22:23,368 ERROR aiogram.dispatcher: Failed to fetch updates - TelegramNetworkError: HTTP Client says - ClientConnectorDNSError: Cannot connect to host api.telegram.org:443 ssl:default [getaddrinfo failed]
2026-08-14 22:22:23,369 WARNING aiogram.dispatcher: Sleep for 4.951400 seconds and try again... (tryings = 16, bot id = 8940303755)
2026-08-14 22:22:39,698 INFO aiogram.dispatcher: Connection established (tryings = 17, bot id = 8940303755)
2026-08-14 22:57:17,683 ERROR aiogram.dispatcher: Failed to fetch updates - TelegramNetworkError: HTTP Client says - Request timeout error
2026-08-14 22:57:17,967 WARNING aiogram.dispatcher: Sleep for 1.000000 seconds and try again... (tryings = 0, bot id = 8940303755)
2026-08-14 22:57:30,268 INFO aiogram.dispatcher: Connection established (tryings = 1, bot id = 8940303755)
2026-08-14 22:58:44,153 INFO __main__: Bot ishga tushdi...
2026-08-14 22:58:44,808 INFO aiogram.dispatcher: Start polling
2026-08-14 22:58:44,811 INFO __main__: Fayl kuzatuvchi ishga tushdi: recordings
2026-08-14 22:58:44,983 INFO aiogram.dispatcher: Run polling for bot @xodim_intizom_bot id=8940303755 - 'intizom_uz_bot'
2026-08-14 23:03:56,942 INFO aiogram.event: Update id=753697993 is not handled. Duration 0 ms by bot id=8940303755
2026-08-14 23:29:21,810 ERROR aiogram.dispatcher: Failed to fetch updates - TelegramNetworkError: HTTP Client says - Request timeout error
2026-08-14 23:29:21,929 WARNING aiogram.dispatcher: Sleep for 1.000000 seconds and try again... (tryings = 0, bot id = 8940303755)
2026-08-14 23:29:23,052 ERROR aiogram.dispatcher: Failed to fetch updates - TelegramNetworkError: HTTP Client says - ClientConnectorError: Cannot connect to host api.telegram.org:443 ssl:default [Сетевая папка недоступна. За информацией о разрешении проблем в сети обратитесь к справочной системе Windows]
2026-08-14 23:29:23,054 WARNING aiogram.dispatcher: Sleep for 1.292172 seconds and try again... (tryings = 1, bot id = 8940303755)
2026-08-14 23:29:34,943 INFO aiogram.dispatcher: Connection established (tryings = 2, bot id = 8940303755)
2026-08-14 23:42:20,468 ERROR aiogram.dispatcher: Failed to fetch updates - TelegramNetworkError: HTTP Client says - Request timeout error
2026-08-14 23:42:20,468 WARNING aiogram.dispatcher: Sleep for 1.000000 seconds and try again... (tryings = 0, bot id = 8940303755)
2026-08-14 23:42:28,251 ERROR aiogram.dispatcher: Failed to fetch updates - TelegramNetworkError: HTTP Client says - ClientConnectorError: Cannot connect to host api.telegram.org:443 ssl:default [Подключение к сети было разорвано локальной системой]
2026-08-14 23:42:28,314 WARNING aiogram.dispatcher: Sleep for 1.309190 seconds and try again... (tryings = 1, bot id = 8940303755)
2026-08-14 23:42:29,686 ERROR aiogram.dispatcher: Failed to fetch updates - TelegramNetworkError: HTTP Client says - ClientConnectorError: Cannot connect to host api.telegram.org:443 ssl:default [Сетевая папка недоступна. За информацией о разрешении проблем в сети обратитесь к справочной системе Windows]
2026-08-14 23:42:29,688 WARNING aiogram.dispatcher: Sleep for 1.935093 seconds and try again... (tryings = 2, bot id = 8940303755)
2026-08-14 23:42:31,635 ERROR aiogram.dispatcher: Failed to fetch updates - TelegramNetworkError: HTTP Client says - ClientConnectorError: Cannot connect to host api.telegram.org:443 ssl:default [Сетевая папка недоступна. За информацией о разрешении проблем в сети обратитесь к справочной системе Windows]
2026-08-14 23:42:31,636 WARNING aiogram.dispatcher: Sleep for 2.500523 seconds and try again... (tryings = 3, bot id = 8940303755)
2026-08-14 23:42:55,187 ERROR aiogram.dispatcher: Failed to fetch updates - TelegramNetworkError: HTTP Client says - ClientConnectorError: Cannot connect to host api.telegram.org:443 ssl:default [Превышен таймаут семафора]
2026-08-14 23:42:55,188 WARNING aiogram.dispatcher: Sleep for 3.180770 seconds and try again... (tryings = 4, bot id = 8940303755)
2026-08-14 23:43:19,405 ERROR aiogram.dispatcher: Failed to fetch updates - TelegramNetworkError: HTTP Client says - ClientConnectorError: Cannot connect to host api.telegram.org:443 ssl:default [Превышен таймаут семафора]
2026-08-14 23:43:19,406 WARNING aiogram.dispatcher: Sleep for 4.158889 seconds and try again... (tryings = 5, bot id = 8940303755)
2026-08-14 23:43:44,636 ERROR aiogram.dispatcher: Failed to fetch updates - TelegramNetworkError: HTTP Client says - ClientConnectorError: Cannot connect to host api.telegram.org:443 ssl:default [Превышен таймаут семафора]
2026-08-14 23:43:44,639 WARNING aiogram.dispatcher: Sleep for 5.123480 seconds and try again... (tryings = 6, bot id = 8940303755)
2026-08-14 23:43:49,770 ERROR aiogram.dispatcher: Failed to fetch updates - TelegramNetworkError: HTTP Client says - ClientConnectorError: Cannot connect to host api.telegram.org:443 ssl:default [Сетевая папка недоступна. За информацией о разрешении проблем в сети обратитесь к справочной системе Windows]
2026-08-14 23:43:49,772 WARNING aiogram.dispatcher: Sleep for 5.214912 seconds and try again... (tryings = 7, bot id = 8940303755)
2026-08-14 23:43:54,995 ERROR aiogram.dispatcher: Failed to fetch updates - TelegramNetworkError: HTTP Client says - ClientConnectorError: Cannot connect to host api.telegram.org:443 ssl:default [Сетевая папка недоступна. За информацией о разрешении проблем в сети обратитесь к справочной системе Windows]
2026-08-14 23:43:54,997 WARNING aiogram.dispatcher: Sleep for 4.980334 seconds and try again... (tryings = 8, bot id = 8940303755)
2026-08-14 23:43:59,994 ERROR aiogram.dispatcher: Failed to fetch updates - TelegramNetworkError: HTTP Client says - ClientConnectorError: Cannot connect to host api.telegram.org:443 ssl:default [Сетевая папка недоступна. За информацией о разрешении проблем в сети обратитесь к справочной системе Windows]
2026-08-14 23:43:59,996 WARNING aiogram.dispatcher: Sleep for 4.828733 seconds and try again... (tryings = 9, bot id = 8940303755)
2026-08-14 23:44:04,846 ERROR aiogram.dispatcher: Failed to fetch updates - TelegramNetworkError: HTTP Client says - ClientConnectorError: Cannot connect to host api.telegram.org:443 ssl:default [Сетевая папка недоступна. За информацией о разрешении проблем в сети обратитесь к справочной системе Windows]
2026-08-14 23:44:04,848 WARNING aiogram.dispatcher: Sleep for 4.976863 seconds and try again... (tryings = 10, bot id = 8940303755)
2026-08-14 23:44:09,825 ERROR aiogram.dispatcher: Failed to fetch updates - TelegramNetworkError: HTTP Client says - ClientConnectorError: Cannot connect to host api.telegram.org:443 ssl:default [Сетевая папка недоступна. За информацией о разрешении проблем в сети обратитесь к справочной системе Windows]
2026-08-14 23:44:09,827 WARNING aiogram.dispatcher: Sleep for 4.976039 seconds and try again... (tryings = 11, bot id = 8940303755)
2026-08-14 23:44:14,814 ERROR aiogram.dispatcher: Failed to fetch updates - TelegramNetworkError: HTTP Client says - ClientConnectorError: Cannot connect to host api.telegram.org:443 ssl:default [Сетевая папка недоступна. За информацией о разрешении проблем в сети обратитесь к справочной системе Windows]
2026-08-14 23:44:14,815 WARNING aiogram.dispatcher: Sleep for 5.022219 seconds and try again... (tryings = 12, bot id = 8940303755)
2026-08-14 23:44:19,853 ERROR aiogram.dispatcher: Failed to fetch updates - TelegramNetworkError: HTTP Client says - ClientConnectorError: Cannot connect to host api.telegram.org:443 ssl:default [Сетевая папка недоступна. За информацией о разрешении проблем в сети обратитесь к справочной системе Windows]
2026-08-14 23:44:19,854 WARNING aiogram.dispatcher: Sleep for 5.046532 seconds and try again... (tryings = 13, bot id = 8940303755)
2026-08-14 23:44:24,922 ERROR aiogram.dispatcher: Failed to fetch updates - TelegramNetworkError: HTTP Client says - ClientConnectorError: Cannot connect to host api.telegram.org:443 ssl:default [Сетевая папка недоступна. За информацией о разрешении проблем в сети обратитесь к справочной системе Windows]
2026-08-14 23:44:24,924 WARNING aiogram.dispatcher: Sleep for 4.884667 seconds and try again... (tryings = 14, bot id = 8940303755)
2026-08-14 23:44:29,820 ERROR aiogram.dispatcher: Failed to fetch updates - TelegramNetworkError: HTTP Client says - ClientConnectorError: Cannot connect to host api.telegram.org:443 ssl:default [Сетевая папка недоступна. За информацией о разрешении проблем в сети обратитесь к справочной системе Windows]
2026-08-14 23:44:29,822 WARNING aiogram.dispatcher: Sleep for 4.966295 seconds and try again... (tryings = 15, bot id = 8940303755)
2026-08-14 23:44:34,797 ERROR aiogram.dispatcher: Failed to fetch updates - TelegramNetworkError: HTTP Client says - ClientConnectorError: Cannot connect to host api.telegram.org:443 ssl:default [Сетевая папка недоступна. За информацией о разрешении проблем в сети обратитесь к справочной системе Windows]
2026-08-14 23:44:34,799 WARNING aiogram.dispatcher: Sleep for 5.146323 seconds and try again... (tryings = 16, bot id = 8940303755)
2026-08-14 23:44:39,952 ERROR aiogram.dispatcher: Failed to fetch updates - TelegramNetworkError: HTTP Client says - ClientConnectorError: Cannot connect to host api.telegram.org:443 ssl:default [Сетевая папка недоступна. За информацией о разрешении проблем в сети обратитесь к справочной системе Windows]
2026-08-14 23:44:39,954 WARNING aiogram.dispatcher: Sleep for 5.086713 seconds and try again... (tryings = 17, bot id = 8940303755)
2026-08-14 23:44:55,525 INFO aiogram.dispatcher: Connection established (tryings = 18, bot id = 8940303755)
2026-08-15 00:12:00,118 ERROR aiogram.dispatcher: Failed to fetch updates - TelegramNetworkError: HTTP Client says - Request timeout error
2026-08-15 00:12:00,425 WARNING aiogram.dispatcher: Sleep for 1.000000 seconds and try again... (tryings = 0, bot id = 8940303755)
2026-08-15 00:12:01,624 ERROR aiogram.dispatcher: Failed to fetch updates - TelegramNetworkError: HTTP Client says - ClientConnectorDNSError: Cannot connect to host api.telegram.org:443 ssl:default [getaddrinfo failed]
2026-08-15 00:12:01,633 WARNING aiogram.dispatcher: Sleep for 1.263607 seconds and try again... (tryings = 1, bot id = 8940303755)
2026-08-15 00:12:02,920 ERROR aiogram.dispatcher: Failed to fetch updates - TelegramNetworkError: HTTP Client says - ClientConnectorDNSError: Cannot connect to host api.telegram.org:443 ssl:default [getaddrinfo failed]
2026-08-15 00:12:02,949 WARNING aiogram.dispatcher: Sleep for 1.637041 seconds and try again... (tryings = 2, bot id = 8940303755)
2026-08-15 00:12:14,985 INFO aiogram.dispatcher: Connection established (tryings = 3, bot id = 8940303755)
2026-08-15 00:15:03,347 INFO httpx: HTTP Request: GET https://wfrclcwjeeqeqchmdhzw.supabase.co/rest/v1/conversations?select=id%2Cemployee_id&created_at=gte.2026-08-14T00%3A00%3A00&created_at=lte.2026-08-14T23%3A59%3A59.999999 "HTTP/2 200 OK"
2026-08-15 00:15:03,960 INFO httpx: HTTP Request: GET https://wfrclcwjeeqeqchmdhzw.supabase.co/rest/v1/daily_reports?select=employee_id%2Cconversations_count%2Cavg_score%2Cmin_score%2Cmax_score&report_date=gte.2026-08-01&report_date=lt.2026-09-01 "HTTP/2 200 OK"
2026-08-15 00:15:04,491 INFO httpx: HTTP Request: POST https://wfrclcwjeeqeqchmdhzw.supabase.co/rest/v1/monthly_reports?on_conflict=employee_id%2Cperiod_month "HTTP/2 200 OK"
2026-08-15 00:15:04,954 INFO httpx: HTTP Request: POST https://wfrclcwjeeqeqchmdhzw.supabase.co/rest/v1/monthly_reports?on_conflict=employee_id%2Cperiod_month "HTTP/2 200 OK"
2026-08-15 00:15:05,418 INFO httpx: HTTP Request: POST https://wfrclcwjeeqeqchmdhzw.supabase.co/rest/v1/monthly_reports?on_conflict=employee_id%2Cperiod_month "HTTP/2 200 OK"
2026-08-15 00:15:05,422 INFO __main__: Oylik hisobot yangilandi: 2026-08 (3 xodim)
2026-08-15 00:15:06,500 INFO httpx: HTTP Request: GET https://wfrclcwjeeqeqchmdhzw.supabase.co/rest/v1/conversations?select=id%2Caudio_file_path%2Caudio_storage_path&created_at=lt.2026-07-16T00%3A15%3A05.425830&audio_storage_path=not.is.null "HTTP/2 200 OK"
2026-08-15 00:24:05,454 ERROR aiogram.dispatcher: Failed to fetch updates - TelegramNetworkError: HTTP Client says - Request timeout error
2026-08-15 00:24:05,455 WARNING aiogram.dispatcher: Sleep for 1.000000 seconds and try again... (tryings = 0, bot id = 8940303755)
2026-08-15 00:24:27,516 ERROR aiogram.dispatcher: Failed to fetch updates - TelegramNetworkError: HTTP Client says - ClientConnectorError: Cannot connect to host api.telegram.org:443 ssl:default [Превышен таймаут семафора]
2026-08-15 00:24:27,518 WARNING aiogram.dispatcher: Sleep for 1.450323 seconds and try again... (tryings = 1, bot id = 8940303755)
2026-08-15 00:24:50,028 ERROR aiogram.dispatcher: Failed to fetch updates - TelegramNetworkError: HTTP Client says - ClientConnectorError: Cannot connect to host api.telegram.org:443 ssl:default [Превышен таймаут семафора]
2026-08-15 00:24:50,029 WARNING aiogram.dispatcher: Sleep for 1.919475 seconds and try again... (tryings = 2, bot id = 8940303755)
2026-08-15 00:25:02,246 INFO aiogram.dispatcher: Connection established (tryings = 3, bot id = 8940303755)
2026-08-15 00:54:11,463 ERROR aiogram.dispatcher: Failed to fetch updates - TelegramNetworkError: HTTP Client says - Request timeout error
2026-08-15 00:54:11,464 WARNING aiogram.dispatcher: Sleep for 1.000000 seconds and try again... (tryings = 0, bot id = 8940303755)
2026-08-15 00:54:22,783 INFO aiogram.dispatcher: Connection established (tryings = 1, bot id = 8940303755)
2026-08-15 00:54:47,029 ERROR aiogram.dispatcher: Failed to fetch updates - TelegramNetworkError: HTTP Client says - ClientOSError: [WinError 1236] Подключение к сети было разорвано локальной системой
2026-08-15 00:54:47,189 WARNING aiogram.dispatcher: Sleep for 1.000000 seconds and try again... (tryings = 0, bot id = 8940303755)
2026-08-15 00:54:58,867 INFO aiogram.dispatcher: Connection established (tryings = 1, bot id = 8940303755)
2026-08-15 02:09:46,220 INFO __main__: Bot ishga tushdi...
2026-08-15 02:09:46,747 INFO aiogram.dispatcher: Start polling
2026-08-15 02:09:46,749 INFO __main__: Fayl kuzatuvchi ishga tushdi: recordings
2026-08-15 02:09:46,927 INFO aiogram.dispatcher: Run polling for bot @xodim_intizom_bot id=8940303755 - 'intizom_uz_bot'
2026-08-15 02:15:22,964 INFO __main__: Bot ishga tushdi...
2026-08-15 02:15:23,460 INFO aiogram.dispatcher: Start polling
2026-08-15 02:15:23,462 INFO __main__: Fayl kuzatuvchi ishga tushdi: recordings
2026-08-15 02:15:23,630 INFO aiogram.dispatcher: Run polling for bot @xodim_intizom_bot id=8940303755 - 'intizom_uz_bot'
2026-08-15 02:18:06,722 ERROR aiogram.dispatcher: Failed to fetch updates - TelegramNetworkError: HTTP Client says - ClientOSError: [WinError 64] Указанное сетевое имя более недоступно
2026-08-15 02:18:06,724 WARNING aiogram.dispatcher: Sleep for 1.000000 seconds and try again... (tryings = 0, bot id = 8940303755)
2026-08-15 02:18:18,262 INFO aiogram.dispatcher: Connection established (tryings = 1, bot id = 8940303755)
2026-08-15 02:28:08,966 ERROR aiogram.dispatcher: Failed to fetch updates - TelegramNetworkError: HTTP Client says - ClientOSError: [WinError 64] Указанное сетевое имя более недоступно
2026-08-15 02:28:08,968 WARNING aiogram.dispatcher: Sleep for 1.000000 seconds and try again... (tryings = 0, bot id = 8940303755)
2026-08-15 02:28:20,435 INFO aiogram.dispatcher: Connection established (tryings = 1, bot id = 8940303755)
2026-08-15 02:39:11,486 INFO __main__: Bot ishga tushdi...
2026-08-15 02:39:11,991 INFO aiogram.dispatcher: Start polling
2026-08-15 02:39:11,992 INFO __main__: Fayl kuzatuvchi ishga tushdi: recordings
2026-08-15 02:39:12,160 INFO aiogram.dispatcher: Run polling for bot @xodim_intizom_bot id=8940303755 - 'intizom_uz_bot'
2026-08-15 03:00:03,705 INFO __main__: Bot ishga tushdi...
2026-08-15 03:00:04,244 INFO aiogram.dispatcher: Start polling
2026-08-15 03:00:04,245 INFO __main__: Fayl kuzatuvchi ishga tushdi: recordings
2026-08-15 03:00:04,424 INFO aiogram.dispatcher: Run polling for bot @xodim_intizom_bot id=8940303755 - 'intizom_uz_bot'
